Date,close,open,high,low,volume
1/4/2012,103.22,99.7,103.18,99.65,100
1/5/2012,101.81,102.99,103.74,101.88,100
1/6/2012,101.56,103.29,103.73,101.3,100
1/9/2012,101.31,101.35,102.8,100.88,100
1/10/2012,102.24,101.92,102.15,100.1,100
1/11/2012,100.87,101.3,103.41,101.3,100
1/12/2012,99.1,102.2,102.46,100.55,100
1/13/2012,98.7,101,102.98,98.5,100
1/17/2012,100.71,99.2,100.19,97.7,100
1/18/2012,100.59,99.66,101.01,98.6,100
1/19/2012,100.39,100.91,102.06,99.84,100
1/20/2012,98.46,101.14,102.06,99.98,100
1/23/2012,99.58,100.39,100.74,97.91,100
1/24/2012,98.95,98.34,100.24,97.4,100
1/25/2012,99.4,99.88,100.18,98.25,100
1/26/2012,99.7,99.2,100.4,97.53,100
1/27/2012,99.56,99.96,101.39,99.23,100
1/30/2012,98.78,99.93,100.63,99.13,100
1/31/2012,98.48,100,100.05,98.43,100
2/1/2012,97.61,98.88,101.29,97.86,100
2/2/2012,96.36,98.38,99.49,97.11,100
2/3/2012,97.84,97.11,97.99,95.44,100
2/6/2012,96.91,96.61,98.03,96.01,100
2/7/2012,98.41,97.74,97.75,96.38,100
2/8/2012,98.71,97.13,99.13,95.84,100
2/9/2012,99.84,98.77,100.09,98.1,100
2/10/2012,98.67,99.1,100.18,98.66,100
2/13/2012,100.91,99.89,99.89,97.32,100
2/14/2012,100.74,99.33,101,99.09,100
2/15/2012,101.8,100.73,101.84,100.28,100
2/16/2012,102.31,100.9,102.54,100.61,100
2/17/2012,103.24,101.9,102.69,100.84,100
2/21/2012,105.84,102.35,104.14,102.25,100
2/22/2012,106.28,104.65,106.07,104.26,100
2/23/2012,107.83,106.01,106.72,105.61,100
2/24/2012,109.77,105.95,108.74,105.45,100
2/27/2012,108.56,108.66,109.95,107.95,100
2/28/2012,106.55,109.67,109.77,107.27,100
2/29/2012,107.07,107.95,108.79,106.3,100
3/1/2012,108.84,106.46,107.43,104.84,100
3/2/2012,106.7,106.82,110.55,106.55,100
3/5/2012,106.72,108.75,109.03,105.8,100
3/6/2012,104.7,106.75,107.42,105.5,100
3/7/2012,106.16,107.11,107.34,104.51,100
3/8/2012,106.58,104.93,106.55,104.35,100
3/9/2012,107.4,106.24,107.2,105.84,100
3/12/2012,106.34,106.91,108.2,106.13,100
3/13/2012,106.71,107.5,107.56,105.38,100
3/14/2012,105.43,106.55,107.35,105.67,100
3/15/2012,105.11,106.69,107.02,105.12,100
3/16/2012,107.06,105.5,106.18,103.78,100
3/19/2012,108.09,105.44,107.34,105.13,100
3/20/2012,105.61,107.18,108.24,106.55,100
3/21/2012,107.27,107.82,107.91,105.35,100
3/22/2012,105.35,106.33,107.64,106.06,100
3/23/2012,106.87,106.81,107.12,104.5,100
3/26/2012,107.03,105.52,108.25,105.16,100
3/27/2012,107.33,106.79,107.32,106.19,100
3/28/2012,105.41,107.09,107.73,106.52,100
3/29/2012,102.78,106.81,106.94,104.67,100
3/30/2012,103.02,105.58,105.7,102.13,100
4/2/2012,105.23,103.29,104.15,102.78,100
4/3/2012,104.01,103.27,105.49,102.06,100
4/4/2012,101.47,105.04,105.18,103.59,100
4/5/2012,103.31,104.09,104.12,101.08,100
4/9/2012,102.46,101.96,103.4,101.37,100
4/10/2012,101.02,102.53,102.6,100.81,100
4/11/2012,102.7,102.33,102.96,100.68,100
4/12/2012,103.64,100.94,103.13,100.84,100
4/13/2012,102.83,102.55,104.24,102.39,100
4/16/2012,102.93,103.66,103.9,102.61,100
4/17/2012,104.2,102.8,103.37,101.8,100
4/18/2012,102.67,103.15,105.07,102.66,100
4/19/2012,102.27,104.22,104.51,102.19,100
4/20/2012,103.05,102.73,103.21,101.67,100
4/23/2012,103.11,102.57,104.27,102.45,100
4/24/2012,103.55,103.82,103.9,101.82,100
4/25/2012,104.12,103.11,104.1,102.79,100
4/26/2012,104.55,103.76,104.57,103.11,100
4/27/2012,104.93,103.96,104.92,103.84,100
4/30/2012,104.87,104.1,105,103.74,100
5/1/2012,106.16,104.93,105.16,103.88,100
5/2/2012,105.22,104.89,106.43,104.39,100
5/3/2012,102.54,105.98,106.05,104.91,100
5/4/2012,98.49,105.39,105.42,102.36,100
5/7/2012,97.94,102.59,102.72,97.51,100
5/8/2012,97.01,98.05,98.24,95.34,100
5/9/2012,96.81,97.96,98.12,95.52,100
5/10/2012,97.08,97.38,97.39,95.17,100
5/11/2012,96.13,96.45,97.69,96.08,100
5/14/2012,94.78,96.53,97.2,95.56,100
5/15/2012,93.98,95.79,95.83,93.65,100
5/16/2012,92.81,93.91,95.48,93.02,100
5/17/2012,92.56,93.16,94.16,91.81,100
5/18/2012,91.48,92.77,93.88,92.09,100
5/21/2012,92.57,92.86,92.88,90.93,100
5/22/2012,91.66,91.27,93.06,90.84,100
5/23/2012,89.9,92.64,93.01,91.39,100
5/24/2012,90.66,91.54,91.72,89.28,100
5/25/2012,90.86,90.53,91.52,89.81,100
5/29/2012,90.76,90.79,91.32,90.2,100
5/30/2012,87.82,91,92.21,90.25,100
5/31/2012,86.53,90.86,90.92,87.27,100
6/1/2012,83.23,87.55,88.28,85.86,100
6/4/2012,83.98,86.44,86.59,82.29,100
6/5/2012,84.29,82.96,84.38,81.21,100
6/6/2012,85.02,84.14,84.92,83.31,100
6/7/2012,84.82,84.12,86.27,84.03,100
6/8/2012,84.1,85.5,87.03,83.43,100
6/11/2012,82.7,83.63,84.67,82,100
6/12/2012,83.32,85.72,86.64,81.11,100
6/13/2012,82.62,81.18,83.72,81.07,100
6/14/2012,83.91,83.51,84.01,82.15,100
6/15/2012,84.03,82.44,84.42,82.27,100
6/18/2012,83.27,84.33,84.8,83.42,100
6/19/2012,84.03,85.09,85.6,82.04,100
6/20/2012,81.8,83.06,84.41,82.28,100
6/21/2012,78.2,84.04,84.34,80.91,100
6/22/2012,79.76,81.08,81.2,77.93,100
6/25/2012,79.21,78.11,80.37,77.56,100
6/26/2012,79.36,80.2,80.68,78.03,100
6/27/2012,80.21,79.23,79.68,78.36,100
6/28/2012,77.69,79.47,80.92,78.68,100
6/29/2012,84.96,80.48,80.84,77.28,100
7/2/2012,83.75,78.46,85.34,78.28,100
7/3/2012,87.66,84.65,85.05,82.1,100
7/5/2012,87.22,83.67,88.04,83.33,100
7/6/2012,84.45,87.75,88.98,86.5,100
7/9/2012,85.99,86.73,87.13,84.02,100
7/10/2012,83.91,84.2,86.48,84,100
7/11/2012,85.81,85.84,85.95,83.65,100
7/12/2012,86.08,84.01,86.49,84.01,100
7/13/2012,87.1,86.2,86.37,84.21,100
7/16/2012,88.43,85.86,87.61,85.58,100
7/17/2012,89.22,87.13,88.48,86.41,100
7/18/2012,89.87,88.26,89.46,87.41,100
7/19/2012,92.66,89.13,90.04,88.59,100
7/20/2012,91.44,90.08,92.94,89.86,100
7/23/2012,88.14,92.22,92.3,90.66,100
7/24/2012,88.5,91.61,91.64,87.91,100
7/25/2012,88.97,88.05,89.09,87.43,100
7/26/2012,89.39,88.2,89.36,86.84,100
7/27/2012,90.13,89.1,90.47,88.07,100
7/30/2012,89.78,89.43,90.45,89.13,100
7/31/2012,88.06,90.14,90.95,89.33,100
8/1/2012,88.91,89.67,90.3,87.31,100
8/2/2012,87.13,88.03,89.47,87.51,100
8/3/2012,91.4,88.87,89.63,86.92,100
8/6/2012,92.2,87.26,91.74,87.23,100
8/7/2012,93.67,91.34,92.33,90.63,100
8/8/2012,93.35,92.05,94.42,91.78,100
8/9/2012,93.36,93.41,94.72,92.82,100
8/10/2012,92.87,93.43,94.21,93.07,100
8/13/2012,92.73,93.46,93.87,91.71,100
8/14/2012,93.43,93.25,94.14,92.05,100
8/15/2012,94.33,92.71,93.92,92.56,100
8/16/2012,95.6,93.25,94.9,92.68,100
8/17/2012,96.01,94.21,95.75,93.93,100
8/20/2012,95.97,95.23,96.28,94.98,100
8/21/2012,96.68,96.36,96.53,95.02,100
8/22/2012,97.26,95.97,97.6,95.81,100
8/23/2012,96.27,96.94,97.54,96.26,100
8/24/2012,96.15,97.3,98.29,95.75,100
8/27/2012,95.47,96.06,97.17,95.41,100
8/28/2012,96.33,96.67,97.72,94.41,100
8/29/2012,95.49,95.66,96.54,95.14,100
8/30/2012,94.62,96.08,96.37,94.76,100
8/31/2012,96.47,95.3,95.6,93.95,100
9/4/2012,95.3,94.75,96.92,94.51,100
9/5/2012,95.36,96.38,97.37,94.97,100
9/6/2012,95.53,95.61,96.03,94.26,100
9/7/2012,96.42,96,97.71,94.59,100
9/10/2012,96.54,94.7,96.74,94.08,100
9/11/2012,97.17,96.24,96.63,95.34,100
9/12/2012,97.01,96.29,97.31,96.08,100
9/13/2012,98.31,96.85,98.06,96.31,100
9/14/2012,99,96.93,98.58,96.51,100
9/17/2012,96.62,98.04,100.42,97.99,100
9/18/2012,95.29,99.15,99.52,94.65,100
9/19/2012,91.98,96.71,97.23,95.11,100
9/20/2012,91.87,95.49,96.17,91.25,100
9/21/2012,92.89,91.77,92.37,90.66,100
9/24/2012,91.93,92.93,93.84,92.59,100
9/25/2012,91.37,93.18,93.18,91.06,100
9/26/2012,89.98,92.11,93.2,90.57,100
9/27/2012,91.85,90.82,91.34,88.95,100
9/28/2012,92.19,90.08,92.39,89.88,100
10/1/2012,92.48,92.35,92.71,91.4,100
10/2/2012,91.89,92.15,93.33,91.26,100
10/3/2012,88.14,92.41,92.94,91.62,100
10/4/2012,91.71,91.64,91.82,87.7,100
10/5/2012,89.88,88.01,91.84,87.91,100
10/8/2012,89.33,91.51,91.71,89.01,100
10/9/2012,92.39,89.85,89.89,88.21,100
10/10/2012,91.25,89.62,92.91,89.29,100
10/11/2012,92.07,92.26,93.66,91.02,100
10/12/2012,91.86,91.27,92.94,91.09,100
10/15/2012,91.85,92.41,92.64,91.16,100
10/16/2012,92.09,91.63,92.2,89.79,100
10/17/2012,92.12,91.76,92.32,91.3,100
10/18/2012,92.1,92.08,92.85,91.55,100
10/19/2012,90.05,92.06,92.59,90.66,100
10/22/2012,88.73,92.04,93.05,89.83,100
10/23/2012,86.67,89.52,90.8,88.21,100
10/24/2012,85.73,89.14,89.29,85.69,100
10/25/2012,86.05,86.6,87.47,84.94,100
10/26/2012,86.28,85.65,86.75,85.23,100
10/29/2012,85.54,86,86.37,85,100
10/30/2012,85.68,86.43,86.43,84.66,100
10/31/2012,86.24,85.31,86.24,85.1,100
11/1/2012,87.09,85.73,87.19,85.61,100
11/2/2012,84.86,86.1,87.42,85.92,100
11/5/2012,85.65,86.91,87.24,84.66,100
11/6/2012,88.71,84.65,85.9,84.34,100
11/7/2012,84.44,85.67,89.22,85.42,100
11/8/2012,85.09,88.42,88.8,84.05,100
11/9/2012,86.07,84.52,85.7,84.22,100
11/12/2012,85.57,85,86.77,84.13,100
11/13/2012,85.38,86.19,86.54,85.27,100
11/14/2012,86.32,85.59,85.95,84.57,100
11/15/2012,85.45,85.37,86.65,84.93,100
11/16/2012,86.67,86.36,86.83,84.68,100
11/19/2012,89.28,85.28,87.01,85.02,100
11/20/2012,86.75,87.3,89.8,87.11,100
11/21/2012,87.38,89.15,89.19,86.17,100
11/23/2012,88.28,87.28,87.89,86.37,100
11/26/2012,87.74,87.68,88.53,86.71,100
11/27/2012,87.18,88.21,88.29,87.27,100
11/28/2012,86.49,87.82,88.25,86.83,100
11/29/2012,88.07,87.33,87.34,85.36,100
11/30/2012,88.91,86.57,88.69,86.55,100
12/3/2012,89.09,87.66,88.99,87.47,100
12/4/2012,88.5,88.85,90.33,88.66,100
12/5/2012,87.88,88.93,89.18,87.57,100
12/6/2012,86.26,88.5,89.05,87.46,100
12/7/2012,85.93,87.87,88.23,85.68,100
12/10/2012,85.56,86.39,86.92,85.77,100
12/11/2012,85.79,85.98,86.78,85.33,100
12/12/2012,86.77,85.7,86.37,85.21,100
12/13/2012,85.89,85.69,87.68,85.68,100
12/14/2012,86.73,86.77,86.97,85.81,100
12/17/2012,87.2,86.13,86.92,86.05,100
12/18/2012,87.93,86.88,87.71,86.48,100
12/19/2012,89.51,87.45,88.16,87.21,100
12/20/2012,90.13,87.94,89.9,87.81,100
12/21/2012,88.66,89.69,90.54,89.26,100
12/24/2012,88.61,90.02,90.07,87.96,100
12/26/2012,90.98,88.6,88.86,88.2,100
12/27/2012,90.87,88.62,91.3,88.59,100
12/28/2012,90.8,91,91.44,90.05,100
12/31/2012,91.82,91.15,91.49,90.32,100
1/2/2013,93.12,90.41,91.99,90,100
1/3/2013,92.92,91.78,93.87,91.56,100
1/4/2013,93.09,92.91,93.3,92.49,100
1/7/2013,93.19,92.86,93.21,91.52,100
1/8/2013,93.15,93.21,93.35,92.42,100
1/9/2013,93.1,93.32,93.8,92.67,100
1/10/2013,93.82,93.15,93.65,92.68,100
1/11/2013,93.56,93.19,94.7,93.08,100
1/14/2013,94.14,93.87,94.13,92.65,100
1/15/2013,93.28,93.74,94.29,92.95,100
1/16/2013,94.24,94.2,94.44,93.22,100
1/17/2013,95.49,93.4,94.36,93.1,100
1/18/2013,95.56,94.19,96.04,93.8,100
1/22/2013,96.24,95.19,95.67,94.91,100
1/23/2013,95.23,95.25,96.4,94.98,100
1/24/2013,95.95,96.76,96.92,94.95,100
1/25/2013,95.88,95.5,96.68,95.12,100
1/28/2013,96.44,95.95,96.56,95.43,100
1/29/2013,97.57,96.04,96.81,95.47,100
1/30/2013,97.94,96.46,97.82,96.29,100
1/31/2013,97.49,97.32,98.24,97.32,100
2/1/2013,97.77,97.96,98.04,96.84,100
2/4/2013,96.17,97.42,98.15,96.51,100
2/5/2013,96.64,97.72,97.76,95.89,100
2/6/2013,96.62,96.13,97.07,95.91,100
2/7/2013,95.83,96.64,96.99,95.04,100
2/8/2013,95.72,96.86,97.21,95.54,100
2/11/2013,97.03,95.92,96.57,95.27,100
2/12/2013,97.51,95.79,97.09,94.97,100
2/13/2013,97.01,96.96,97.79,96.68,100
2/14/2013,97.31,97.59,98.11,96.63,100
2/15/2013,95.86,97.17,97.71,96.77,100
2/19/2013,96.66,97.34,97.47,95.21,100
2/20/2013,94.46,95.97,96.73,95.25,100
2/21/2013,92.84,96.66,97.07,93.92,100
2/22/2013,93.13,94.72,94.92,92.63,100
2/25/2013,93.11,92.96,93.48,92.44,100
2/26/2013,92.63,93.23,94.46,92.07,100
2/27/2013,92.76,91.92,93.44,91.92,100
2/28/2013,92.05,92.72,93.37,92.18,100
3/1/2013,90.68,92.89,93.18,91.57,100
3/4/2013,90.12,91.76,91.97,90.04,100
3/5/2013,90.82,90.71,90.91,89.33,100
3/6/2013,90.43,90.23,90.99,90.02,100
3/7/2013,91.56,90.83,91.17,89.55,100
3/8/2013,91.95,90.42,91.73,90.22,100
3/11/2013,92.06,91.42,92.03,90.83,100
3/12/2013,92.54,91.83,92.15,90.89,100
3/13/2013,92.52,91.94,93.47,91.6,100
3/14/2013,93.03,92.62,93.4,91.91,100
3/15/2013,93.45,92.51,93.25,92.01,100
3/18/2013,93.74,93.15,93.84,93,100
3/19/2013,92.16,93.26,93.94,91.76,100
3/20/2013,92.96,93.8,94.09,92.03,100
3/21/2013,92.45,92.09,93.3,92.09,100
3/22/2013,93.71,93.4,93.53,91.84,100
3/25/2013,94.81,92.33,93.94,92.33,100
3/26/2013,96.34,93.72,95.65,93.7,100
3/27/2013,96.58,94.75,96.45,94.67,100
3/28/2013,97.23,96.18,96.84,95.58,100
4/1/2013,97.07,96.68,97.35,96.26,100
4/2/2013,97.19,97.36,97.8,95.92,100
4/3/2013,94.45,97,97.44,95.91,100
4/4/2013,93.26,96.93,96.96,94.18,100
4/5/2013,92.7,94.5,94.84,92.12,100
4/8/2013,93.36,93.36,93.57,91.91,100
4/9/2013,94.2,93.02,93.75,92.46,100
4/10/2013,94.64,93.49,94.48,92.86,100
4/11/2013,93.51,93.96,94.82,93.4,100
4/12/2013,91.29,94.56,94.64,93.06,100
4/15/2013,88.71,93.49,93.52,90.27,100
4/16/2013,88.72,90.95,90.98,87.2,100
4/17/2013,86.68,87.42,88.96,86.06,100
4/18/2013,87.73,88.8,89.09,86.06,100
4/19/2013,88.01,86.39,88.51,85.61,100
4/22/2013,88.76,88.37,88.79,87.56,100
4/23/2013,89.18,87.96,89.13,87.55,100
4/24/2013,91.43,89.28,89.6,87.8,100
4/25/2013,93.64,89.6,91.72,89.21,100
4/26/2013,93,91.58,93.87,91.11,100
4/29/2013,94.5,93.24,93.58,92.06,100
4/30/2013,93.46,92.7,94.69,92.43,100
5/1/2013,91.03,94.42,94.62,92.86,100
5/2/2013,93.99,93.08,93.26,90.11,100
5/3/2013,95.61,91,94.25,90.65,100
5/6/2013,96.16,93.99,96.04,93.56,100
5/7/2013,95.62,95.58,97.17,94.85,100
5/8/2013,96.62,95.79,96.26,94.92,100
5/9/2013,96.39,95.56,96.77,95.24,100
5/10/2013,96.04,96.6,96.77,95.35,100
5/13/2013,95.17,96.16,96.24,93.37,100
5/14/2013,94.21,95.76,95.81,94.47,100
5/15/2013,94.3,94.93,95.66,93.85,100
5/16/2013,95.16,94.13,94.44,92.13,100
5/17/2013,96.02,94.34,95.57,93.23,100
5/20/2013,96.71,95.15,96.45,94.79,100
5/21/2013,96.16,95.93,97.11,95.23,100
5/22/2013,94.28,96.7,96.97,95.5,100
5/23/2013,94.25,95.9,96.19,94.01,100
5/24/2013,94.15,94.18,94.46,92.21,100
5/28/2013,95.01,94.37,94.39,93.04,100
5/29/2013,93.13,93.62,95.92,93.23,100
5/30/2013,93.61,95.05,95.22,92.83,100
5/31/2013,91.97,92.89,93.99,91.65,100
6/3/2013,93.45,93.64,93.85,91.56,100
6/4/2013,93.31,91.73,93.7,91.26,100
6/5/2013,93.74,93.35,94.41,92.38,100
6/6/2013,94.76,93.86,94.48,93.41,100
6/7/2013,96.03,93.7,95.32,93.69,100
6/10/2013,95.77,94.72,96.39,93.72,100
6/11/2013,95.38,96.09,96.25,95.19,100
6/12/2013,95.88,95.76,95.91,94.04,100
6/13/2013,96.69,94.89,96.45,94.46,100
6/14/2013,97.85,95.77,96.92,95.02,100
6/17/2013,97.77,96.64,98.25,96.42,100
6/18/2013,98.44,97.85,98.74,97.38,100
6/19/2013,98.24,97.93,98.67,97.41,100
6/20/2013,95.4,98.59,99.01,97.57,100
6/21/2013,93.69,98.02,98.03,94.89,100
6/24/2013,95.18,94.96,95.84,93.12,100
6/25/2013,95.32,93.85,95.59,92.67,100
6/26/2013,95.5,95.02,96.17,94.59,100
6/27/2013,97.05,95.17,95.7,93.68,100
6/28/2013,96.56,95.52,97.41,95.35,100
7/1/2013,97.99,96.81,97.82,96.33,100
7/2/2013,99.6,96.58,98.28,96.07,100
7/3/2013,101.24,98.06,99.87,97.78,100
7/5/2013,103.22,99.61,102.18,99.59,100
7/8/2013,103.14,101.09,103.68,100.71,100
7/9/2013,103.53,103.95,104.12,102.13,100
7/10/2013,106.52,103,104.76,102.31,100
7/11/2013,104.91,104.57,106.66,104.21,100
7/12/2013,105.95,106.15,107.45,104.31,100
7/15/2013,106.32,104.58,106.33,104.36,100
7/16/2013,106,106.05,106.63,104.65,100
7/17/2013,106.48,106.44,107.18,105.66,100
7/18/2013,108.04,105.78,106.6,105.11,100
7/19/2013,108.05,106.56,108.43,106.15,100
7/22/2013,106.91,108.12,109.32,107.48,100
7/23/2013,107.23,108.34,108.79,106.43,100
7/24/2013,105.39,107,107.55,105.46,100
7/25/2013,105.49,107.36,107.52,104.79,100
7/26/2013,104.7,105.37,105.87,104.08,100
7/29/2013,104.55,105.56,105.63,103.9,100
7/30/2013,103.08,104.61,105.37,103.87,100
7/31/2013,105.03,104.52,104.54,102.67,100
8/1/2013,107.89,103.15,105.43,102.93,100
8/2/2013,106.94,105.26,108.06,105.1,100
8/5/2013,106.56,107.8,108.82,106.45,100
8/6/2013,105.3,106.84,107.69,105.7,100
8/7/2013,104.37,106.48,107.27,104.86,100
8/8/2013,103.4,105.68,105.77,104.1,100
8/9/2013,105.97,104.18,104.96,102.22,100
8/12/2013,106.11,103.87,106.24,103.62,100
8/13/2013,106.83,105.84,106.46,105.03,100
8/14/2013,106.85,106.15,107.2,105.56,100
8/15/2013,107.33,106.54,107.06,105.6,100
8/16/2013,107.46,106.98,107.87,106.6,100
8/19/2013,107.1,107.18,108.17,106.56,100
8/20/2013,104.96,107.78,107.95,106.56,100
8/21/2013,103.85,106.93,107.1,104.5,100
8/22/2013,105.03,105.18,105.35,103.5,100
8/23/2013,106.42,103.86,105.25,103.53,100
8/26/2013,105.92,105.22,106.94,104.3,100
8/27/2013,109.01,106.91,107.37,105.56,100
8/28/2013,110.1,106.14,109.32,105.88,100
8/29/2013,108.8,109.22,112.24,109.11,100
8/30/2013,107.65,109.53,110.07,107.72,100
9/3/2013,108.54,108.17,108.75,106.75,100
9/4/2013,107.23,107.07,108.83,104.21,100
9/5/2013,108.37,108.44,108.61,106.77,100
9/6/2013,110.53,107.59,108.54,107.13,100
9/9/2013,109.52,108.52,110.7,108.12,100
9/10/2013,107.39,110.28,110.46,108.76,100
9/11/2013,107.56,108.92,108.95,106.39,100
9/12/2013,108.6,107.36,108.09,106.53,100
9/13/2013,108.21,107.77,109.16,107.3,100
9/16/2013,106.59,108.64,108.74,107.23,100
9/17/2013,105.42,107.5,108,106.06,100
9/18/2013,108.07,106.22,106.43,104.94,100
9/19/2013,106.39,105.53,108.49,105.32,100
9/20/2013,104.67,108.22,108.99,106.08,100
9/23/2013,103.59,106.37,106.46,104.32,100
9/24/2013,103.13,104.89,105.12,103.12,100
9/25/2013,102.66,103.44,103.64,102.3,100
9/26/2013,103.03,103.41,103.96,102.2,100
9/27/2013,102.87,102.3,103.29,102.2,100
9/30/2013,102.33,102.91,103.77,102.36,100
10/1/2013,102.04,102.46,102.76,101.05,100
10/2/2013,104.1,102.31,102.58,101.06,100
10/3/2013,103.31,101.62,104.23,101.43,100
10/4/2013,103.84,103.82,104.38,102.87,100
10/7/2013,103.03,102.92,104.19,102.9,100
10/8/2013,103.49,103.45,103.74,101.86,100
10/9/2013,101.61,103.16,104.08,102.85,100
10/10/2013,103.01,103.49,103.75,101.18,100
10/11/2013,102.02,101.46,103.57,101.16,100
10/14/2013,102.41,102.94,102.95,100.6,100
10/15/2013,101.21,101.37,102.62,101.06,100
10/16/2013,102.29,102.19,102.46,100.87,100
10/17/2013,100.67,100.88,102.97,100.75,100
10/18/2013,100.81,102.13,102.32,100.03,100
10/21/2013,99.22,100.72,101.71,100.51,100
10/22/2013,97.8,100.63,100.95,98.98,100
10/23/2013,96.86,99.06,99.77,97.5,100
10/24/2013,97.11,98.12,98.29,96.16,100
10/25/2013,97.85,97.1,97.69,95.95,100
10/28/2013,98.68,97.19,98.06,96.99,100
10/29/2013,98.2,97.88,98.82,97.37,100
10/30/2013,96.77,98.54,98.57,97.69,100
10/31/2013,96.38,97.77,97.82,96.55,100
11/1/2013,94.61,96.62,97.03,96.03,100
11/4/2013,94.62,96.32,96.65,94.36,100
11/5/2013,93.37,94.52,95.11,94.06,100
11/6/2013,94.8,94.47,94.9,93.07,100
11/7/2013,94.2,93.74,95.4,93.65,100
11/8/2013,94.6,94.91,95.31,93.8,100
11/11/2013,95.14,94.36,94.92,93.9,100
11/12/2013,93.04,94.45,95.38,94.11,100
11/13/2013,93.88,95,95.22,92.86,100
11/14/2013,93.76,93.07,94.54,92.93,100
11/15/2013,93.84,93.5,94.43,92.51,100
11/18/2013,93.03,93.89,94.55,93.58,100
11/19/2013,93.34,93.78,94.3,92.72,100
11/20/2013,93.33,93,93.46,92.43,100
11/21/2013,95.44,93.33,93.93,92.73,100
11/22/2013,94.84,93.73,95.63,93.4,100
11/25/2013,94.09,95.29,95.57,94.05,100
11/26/2013,93.68,94.15,94.5,93.08,100
11/27/2013,92.3,94.21,94.69,93.43,100
11/29/2013,92.72,93.5,93.6,91.77,100
12/2/2013,93.82,92.33,93.9,92.12,100
12/3/2013,96.04,92.71,94.08,92.56,100
12/4/2013,97.2,93.86,96.96,93.67,100
12/5/2013,97.38,96.9,97.58,96.3,100
12/6/2013,97.65,97.33,97.99,97.01,100
12/9/2013,97.34,97.38,98.07,97.08,100
12/10/2013,98.51,97.66,97.97,97.1,100
12/11/2013,97.44,97.25,98.74,97.24,100
12/12/2013,97.5,98.65,98.75,97.2,100
12/13/2013,96.6,97.55,98.18,97.31,100
12/16/2013,97.48,97.58,97.62,96.26,100
12/17/2013,97.22,96.55,97.69,96.21,100
12/18/2013,97.8,97.3,97.9,97,100
12/19/2013,98.77,97.3,98.01,97.02,100
12/20/2013,99.32,97.69,99.17,97.5,100
12/23/2013,98.91,98.7,99.4,98.54,100
12/24/2013,99.22,99.2,99.31,98.64,100
12/26/2013,99.55,98.62,99.3,98.53,100
12/27/2013,100.32,99.2,99.7,99.05,100
12/30/2013,99.29,99.63,100.75,99.37,100
12/31/2013,98.42,100.15,100.42,99.13,100
1/2/2014,95.44,99.25,99.39,98.15,100
1/3/2014,93.96,98.5,98.97,95.34,100
1/6/2014,93.43,95.47,95.74,93.86,100
1/7/2014,93.67,94.18,94.59,93.2,100
1/8/2014,92.33,93.6,94.22,93.35,100
1/9/2014,91.66,93.96,94.18,92.26,100
1/10/2014,92.72,92.58,92.93,91.24,100
1/13/2014,91.8,92.3,93.38,91.99,100
1/14/2014,92.59,92.83,92.88,91.43,100
1/15/2014,94.17,91.51,92.88,91.5,100
1/16/2014,93.96,92.65,94.64,92.43,100
1/17/2014,94.37,94.29,94.64,93.52,100
1/21/2014,94.99,94.17,94.94,93.94,100
1/22/2014,96.73,94,95.23,93.43,100
1/23/2014,97.32,95.2,96.89,95.12,100
1/24/2014,96.64,96.69,97.84,96.41,100
1/27/2014,95.72,97.37,97.8,96.25,100
1/28/2014,97.41,96.9,97.18,95.21,100
1/29/2014,97.36,95.66,97.66,95.63,100
1/30/2014,98.23,97.17,97.75,96.32,100
1/31/2014,97.49,97.42,98.59,97.33,100
2/3/2014,96.43,97.97,98.39,97.1,100
2/4/2014,97.19,97.4,97.94,96.26,100
2/5/2014,97.38,96.53,97.82,96.37,100
2/6/2014,97.84,97.67,98.26,96.8,100
2/7/2014,99.88,97.25,98.83,97.25,100
2/10/2014,100.06,97.97,100.24,97.11,100
2/11/2014,99.94,100.05,100.55,99.11,100
2/12/2014,100.37,99.97,100.6,99.6,100
2/13/2014,100.35,100.46,101.38,100.04,100
2/14/2014,100.3,100.27,100.66,99.4,100
2/18/2014,102.43,100.34,100.47,99.43,100
2/19/2014,103.31,100.32,103.25,100.23,100
2/20/2014,102.92,103.14,103.8,102.4,100
2/21/2014,102.2,103.41,103.5,102.75,100
2/24/2014,102.82,102.87,102.92,101.69,100
2/25/2014,101.83,102.29,103.45,101.97,100
2/26/2014,102.59,102.8,102.84,101.02,100
2/27/2014,102.4,102.04,102.9,101.58,100
2/28/2014,102.59,102.57,103.08,101.75,100
3/3/2014,104.92,102.15,102.96,101.8,100
3/4/2014,103.33,103,105.22,102.95,100
3/5/2014,101.45,104.89,104.96,102.85,100
3/6/2014,101.56,103.35,103.53,100.85,100
3/7/2014,102.58,101.04,102.08,100.13,100
3/10/2014,101.12,101.97,102.91,101.57,100
3/11/2014,100.03,102.75,102.82,100.85,100
3/12/2014,97.99,100.94,101.52,99.32,100
3/13/2014,98.2,99.48,99.6,97.55,100
3/14/2014,98.89,98.1,98.6,97.67,100
3/17/2014,98.08,98.25,99.26,98.06,100
3/18/2014,99.7,99.39,99.39,97.37,100
3/19/2014,100.37,97.97,99.78,97.75,100
3/20/2014,99.43,99.53,100.47,99.34,100
3/21/2014,99.46,100.39,100.82,99.08,100
3/24/2014,99.6,98.59,100.25,98.25,100
3/25/2014,99.19,99.49,100.29,99.05,100
3/26/2014,100.26,99.43,100.25,98.8,100
3/27/2014,101.28,99.18,100.46,99.1,100
3/28/2014,101.67,100.3,101.7,100.03,100
3/31/2014,101.58,101.34,102.24,101.18,100
4/1/2014,99.74,101.69,101.97,100.88,100
4/2/2014,99.62,101.53,101.57,99.28,100
4/3/2014,100.29,99.64,99.83,98.86,100
4/4/2014,101.14,99.29,100.49,99.07,100
4/7/2014,100.44,100.38,101.63,100.28,100
4/8/2014,102.56,100.91,101.32,99.92,100
4/9/2014,103.6,100.69,102.71,100.68,100
4/10/2014,103.4,102.35,103.77,102.03,100
4/11/2014,103.74,103.44,103.81,103.1,100
4/14/2014,104.05,103.34,104.44,103.01,100
4/15/2014,103.75,103.56,104.55,103.34,100
4/16/2014,103.76,103.6,104.05,102.91,100
4/17/2014,104.3,103.76,104.99,103.12,100
4/21/2014,104.37,103.84,104.78,103.54,100
4/22/2014,102.13,104.54,104.77,103.85,100
4/23/2014,101.44,104.36,104.36,101.69,100
4/24/2014,101.94,101.86,102.08,101.2,100
4/25/2014,100.6,101.54,102.35,101.4,100
4/28/2014,100.84,101.93,102.05,100.48,100
4/29/2014,101.28,100.49,101.52,100.33,100
4/30/2014,99.74,100.89,102.2,100.71,100
5/1/2014,99.42,100.76,100.76,99.35,100
5/2/2014,99.76,99.72,99.89,98.74,100
5/5/2014,99.48,99.17,100.14,99.17,100
5/6/2014,99.5,99.96,100.44,98.91,100
5/7/2014,100.77,99.38,100.42,99.32,100
5/8/2014,100.26,99.83,100.99,99.78,100
5/9/2014,99.99,100.82,100.93,99.87,100
5/12/2014,100.59,100.27,101.18,99.71,100
5/13/2014,101.7,100.12,100.93,99.93,100
5/14/2014,102.37,100.63,102.05,100.36,100
5/15/2014,101.5,101.91,102.65,101.83,100
5/16/2014,102.02,102.03,102.26,101.27,100
5/19/2014,102.61,101.56,102.23,101.39,100
5/20/2014,102.44,102.13,103.09,101.97,100
5/21/2014,104.07,102.6,102.86,102.1,100
5/22/2014,103.74,102.96,104.29,102.78,100
5/23/2014,104.35,103.85,104.22,103.55,100
5/27/2014,104.11,103.71,104.5,103.64,100
5/28/2014,102.72,104.34,104.5,103.57,100
5/29/2014,103.58,104.14,104.39,102.64,100
5/30/2014,102.71,103.06,103.94,102.61,100
6/2/2014,102.47,103.51,103.56,102.4,100
6/3/2014,102.66,102.92,103.35,102.1,100
6/4/2014,102.64,102.44,102.86,102.23,100
6/5/2014,102.48,102.79,103.69,102.34,100
6/6/2014,102.66,102.37,102.69,101.6,100
6/9/2014,104.41,102.44,103.07,102.3,100
6/10/2014,104.35,102.78,104.57,102.62,100
6/11/2014,104.4,104.46,105.06,103.98,100
6/12/2014,106.53,104.3,104.81,104.17,100
6/13/2014,106.91,104.46,106.95,104.35,100
6/16/2014,106.9,106.84,107.68,106.37,100
6/17/2014,106.36,106.88,107.54,106.57,100
6/18/2014,105.97,106.59,107.18,106.01,100
6/19/2014,106.43,106.6,106.97,105.8,100
6/20/2014,107.26,106.11,106.7,105.32,100
6/23/2014,106.17,106.6,107.73,106.33,100
6/24/2014,106.03,107.42,107.45,105.91,100
6/25/2014,106.5,106.02,106.46,105.25,100
6/26/2014,105.84,106.14,107.5,105.47,100
6/27/2014,105.74,106.71,106.81,105.03,100
6/30/2014,105.37,105.64,106.19,105.33,100
7/1/2014,105.34,105.69,105.76,104.66,100
7/2/2014,104.48,105.44,106.09,104.6,100
7/3/2014,104.06,105.21,105.53,104.1,100
7/7/2014,103.53,104.27,104.29,103.67,100
7/8/2014,103.4,104.06,104.09,103.19,100
7/9/2014,102.29,103.39,104.2,103.01,100
7/10/2014,102.93,103.45,103.6,101.85,100
7/11/2014,100.83,101.95,103,101.55,100
7/14/2014,100.91,102.86,102.92,100.44,100
7/15/2014,99.96,100.46,101.2,100.22,100
7/16/2014,101.2,100.93,101.06,99.01,100
7/17/2014,103.19,100.21,101.6,100.07,100
7/18/2014,103.13,101.49,103.9,101.27,100
7/21/2014,104.59,103.72,103.94,102.58,100
7/22/2014,104.42,102.97,104.99,102.65,100
7/23/2014,103.12,104.58,105.25,103.89,100
7/24/2014,102.07,101.96,103.34,101.79,100
7/25/2014,102.09,103.2,103.31,101.88,100
7/28/2014,101.67,102.04,102.53,101,100
7/29/2014,100.97,101.87,102.1,100.9,100
7/30/2014,100.27,101.6,101.83,100.37,100
7/31/2014,98.17,101.03,101.67,99.42,100
8/1/2014,97.88,99.47,99.85,97.6,100
8/4/2014,98.29,97.7,98.1,97.09,100
8/5/2014,97.38,97.67,98.67,97.43,100
8/6/2014,96.92,98.41,98.67,97,100
8/7/2014,97.34,97.62,98.13,96.69,100
8/8/2014,97.65,96.89,97.72,96.55,100
8/11/2014,98.08,97.64,98.45,97.15,100
8/12/2014,97.37,97.54,98.58,97.37,100
8/13/2014,97.59,97.84,97.94,96.81,100
8/14/2014,95.58,97.2,97.78,96.75,100
8/15/2014,97.35,97.3,97.59,95.26,100
8/18/2014,96.41,95.5,97.41,95.32,100
8/19/2014,94.48,97.1,97.16,95.81,100
8/20/2014,96.07,96.56,97.05,94.26,100
8/21/2014,93.96,94.7,96.47,94.7,100
8/22/2014,93.65,93.49,94.45,92.5,100
8/25/2014,93.35,93.89,94.04,92.92,100
8/26/2014,93.86,93.53,93.95,93.05,100
8/27/2014,93.88,93.36,94.35,93.35,100
8/28/2014,94.55,93.88,94.24,93.36,100
8/29/2014,95.96,93.75,94.71,93.45,100
9/2/2014,92.88,94.56,96,94.48,100
9/3/2014,95.54,95.81,95.89,92.68,100
9/4/2014,94.45,93.28,95.83,93.06,100
9/5/2014,93.29,95.07,95.39,94.16,100
9/8/2014,92.66,94.57,94.99,92.86,100
9/9/2014,92.75,93.49,93.62,91.8,100
9/10/2014,91.67,93.11,93.94,92.52,100
9/11/2014,92.83,92.79,93.03,91.22,100
9/12/2014,92.27,91.71,93.44,90.43,100
9/15/2014,92.92,93.05,93.67,91.96,100
9/16/2014,94.88,92.13,93.03,90.63,100
9/17/2014,94.42,92.81,95.19,92.46,100
9/18/2014,93.07,94.71,95.06,93.74,100
9/19/2014,92.41,93.97,94.82,92.85,100
9/22/2014,91.52,92.97,93.22,91.85,100
9/23/2014,91.56,92.22,92.64,91.2,100
9/24/2014,92.8,90.7,92.09,90.58,100
9/25/2014,92.53,91.72,93.29,91.12,100
9/26/2014,93.54,92.89,93.54,92.05,100
9/29/2014,94.57,92.47,93.86,92.23,100
9/30/2014,91.16,93.35,94.64,92.74,100
10/1/2014,90.73,94.34,94.9,90.86,100
10/2/2014,91.01,91.36,92.96,90.47,100
10/3/2014,89.74,90.74,91.54,88.18,100
10/6/2014,90.34,91.38,91.79,89.36,100
10/7/2014,88.85,89.77,90.74,88.76,100
10/8/2014,87.31,90.45,90.57,88.38,100
10/9/2014,85.77,88.43,88.63,86.83,100
10/10/2014,85.82,87.73,87.95,84.06,100
10/13/2014,85.74,84.39,86.29,83.59,100
10/14/2014,81.84,85.2,85.87,84.07,100
10/15/2014,81.78,84.98,85.6,81.32,100
10/16/2014,82.7,82.32,82.45,80.01,100
10/17/2014,82.75,81.06,84.83,79.78,100
10/20/2014,82.71,83.18,84.45,82.44,100
10/21/2014,82.81,83.13,83.48,81.55,100
10/22/2014,80.52,82.76,84.05,82.29,100
10/23/2014,82.09,82.55,83.15,80.22,100
10/24/2014,81.01,80.42,82.37,80.05,100
10/27/2014,81,81.95,81.95,80.36,100
10/28/2014,81.42,81.27,81.29,79.44,100
10/29/2014,82.2,80.64,81.66,80.36,100
10/30/2014,81.12,81.55,82.88,81.44,100
10/31/2014,80.54,81.93,82.09,80.72,100
11/3/2014,78.78,81.04,81.27,79.55,100
11/4/2014,77.19,80.59,80.98,78.08,100
11/5/2014,78.68,78.22,78.41,75.84,100
11/6/2014,77.91,77.36,79.35,76.46,100
11/7/2014,78.65,78.87,78.98,77.12,100
11/10/2014,77.4,77.86,79.41,77.47,100
11/11/2014,77.94,78.5,79.85,77.13,100
11/12/2014,77.18,77.18,78.04,76.42,100
11/13/2014,74.21,77.5,78.08,76.63,100
11/14/2014,75.82,76.95,77.16,74.07,100
11/17/2014,75.64,74.36,76.3,73.25,100
11/18/2014,74.61,75.93,76.18,74.71,100
11/19/2014,74.58,75.49,76.44,74.12,100
11/20/2014,75.58,74.23,75.4,73.88,100
11/21/2014,76.51,74.25,75.76,74.17,100
11/24/2014,75.78,76.29,77.83,75.62,100
11/25/2014,74.09,76.62,77.02,75.45,100
11/26/2014,73.69,75.51,76.58,73.71,100
11/28/2014,66.15,73.87,74.48,73.3,100
12/1/2014,69,73.5,73.56,65.69,100
12/2/2014,66.88,66,69.54,63.72,100
12/3/2014,67.38,69.24,69.32,66.67,100
12/4/2014,66.81,67.6,68.23,66.8,100
12/5/2014,65.84,67.4,68.22,66.09,100
12/8/2014,63.05,66.8,66.89,65.17,100
12/9/2014,63.82,65.46,65.55,62.78,100
12/10/2014,60.94,63.01,64.2,62.25,100
12/11/2014,59.95,63.33,63.43,60.43,100
12/12/2014,57.81,61.12,61.68,58.96,100
12/15/2014,55.91,59.17,59.57,57.34,100
12/16/2014,55.93,57.07,58.73,55.02,100
12/17/2014,56.47,55.4,57.15,53.6,100
12/18/2014,54.11,55.5,58.98,54.21,100
12/19/2014,56.52,55.83,58.73,54.05,100
12/22/2014,55.26,55.5,56.91,54.2,100
12/23/2014,57.12,57.75,58.53,55.13,100
12/24/2014,55.84,55.39,57.56,55.06,100
12/26/2014,54.73,56.8,57.15,55.07,100
12/29/2014,53.61,55.86,56.59,54.51,100
12/30/2014,54.12,55.05,55.74,52.9,100
12/31/2014,53.27,53.72,54.32,52.7,100
1/2/2015,52.69,53.87,54.02,52.44,100
1/5/2015,50.04,53.76,55.11,52.03,100
1/6/2015,47.93,52.61,52.73,49.68,100
1/7/2015,48.65,50,50.37,47.55,100
1/8/2015,48.79,48,49.31,46.83,100
1/9/2015,48.36,48.78,49.65,47.73,100
1/12/2015,46.07,48.92,49.61,47.16,100
1/13/2015,45.89,48.19,48.19,45.62,100
1/14/2015,48.48,45.69,46.79,44.2,100
1/15/2015,46.25,46.16,48.91,45.01,100
1/16/2015,48.69,48.6,51.27,46.07,100
1/20/2015,46.39,46.35,48.87,45.95,100
1/21/2015,47.78,48.69,48.77,45.89,100
1/22/2015,46.31,46.69,48.2,46.55,100
1/23/2015,45.59,47.35,49.09,45.87,100
1/26/2015,45.15,46.63,47.76,45.21,100
1/27/2015,46.23,45.2,46.41,44.35,100
1/28/2015,44.45,45.13,46.55,44.81,100
1/29/2015,44.53,45.83,45.83,44.08,100
1/30/2015,48.24,44.43,44.96,43.58,100
2/2/2015,49.57,44.63,48.35,44.31,100
2/3/2015,53.05,47.59,50.56,46.67,100
2/4/2015,48.45,49.79,54.24,49.69,100
2/5/2015,50.48,51.67,52.56,47.95,100
2/6/2015,51.69,48.67,52.1,47.36,100
2/9/2015,52.86,50.86,53.16,50.72,100
2/10/2015,50.02,52.01,53.99,51.65,100
2/11/2015,48.84,52.43,52.65,49.86,100
2/12/2015,51.21,50.98,51.14,48.05,100
2/13/2015,52.78,49.42,51.6,49.14,100
2/17/2015,53.53,51.35,53.43,51.03,100
2/18/2015,52.14,52.75,54.15,50.81,100
2/19/2015,51.16,53.24,53.41,50.32,100
2/20/2015,50.34,50.55,52.14,49.15,100
2/23/2015,49.45,51.24,51.85,49.91,100
2/24/2015,49.28,50.75,50.99,48.67,100
2/25/2015,50.99,49.42,50.33,48.68,100
2/26/2015,48.17,49.16,51.28,48.43,100
2/27/2015,49.76,51,51.22,47.8,100
3/2/2015,49.59,48.97,49.94,48.46,100
3/3/2015,50.52,49.45,51.04,48.71,100
3/4/2015,51.53,49.8,50.83,49.45,100
3/5/2015,50.76,50.61,51.99,49.6,100
3/6/2015,49.61,51.62,52.4,50.61,100
3/9/2015,50,50.89,51.22,48.88,100
3/10/2015,48.29,49.6,50.79,49.25,100
3/11/2015,48.17,50.08,50.36,48.2,100
3/12/2015,47.05,48.77,49.05,47.33,100
3/13/2015,44.84,48.44,48.76,46.86,100
3/16/2015,43.88,46.93,47.28,44.75,100
3/17/2015,43.46,44.81,45,42.85,100
3/18/2015,44.66,43.84,44.2,42.41,100
3/19/2015,43.96,42.51,45.34,42.03,100
3/20/2015,45.72,44.6,44.71,42.75,100
3/23/2015,47.45,43.99,46.53,43.31,100
3/24/2015,47.51,46.41,47.61,45.33,100
3/25/2015,49.21,47.46,48.56,46.67,100
3/26/2015,51.43,47.72,49.46,47,100
3/27/2015,48.87,49.02,52.48,48.73,100
3/30/2015,48.68,51.01,51.38,48.21,100
3/31/2015,47.6,48.57,49.16,47.61,100
4/1/2015,50.09,48.73,48.73,47.28,100
4/2/2015,49.14,47.55,50.45,47.05,100
4/6/2015,52.14,49.59,50.27,48.11,100
4/7/2015,53.98,49.47,52.24,49.47,100
4/8/2015,50.42,51.95,54.13,51.17,100
4/9/2015,50.79,53.18,53.23,50.37,100
4/10/2015,51.64,51,52.07,50.51,100
4/13/2015,51.91,50.73,51.93,50.08,100
4/14/2015,53.29,51.81,53.1,51.47,100
4/15/2015,56.39,52.05,53.79,51.83,100
4/16/2015,56.71,53.55,56.69,53.39,100
4/17/2015,55.74,55.92,57.42,55.07,100
4/20/2015,56.38,56.56,56.88,55.31,100
4/21/2015,55.26,56.16,57.17,54.85,100
4/22/2015,56.16,56.41,56.91,55.01,100
4/23/2015,57.74,56.34,57.19,55.73,100
4/24/2015,57.15,56.28,58.41,55.76,100
4/27/2015,56.99,57.53,57.95,56.5,100
4/28/2015,57.06,57.3,57.89,56.52,100
4/29/2015,58.58,56.65,57.83,56.07,100
4/30/2015,59.63,56.93,59.33,56.54,100
5/1/2015,59.15,58.55,59.85,58.38,100
5/4/2015,58.93,59.79,59.9,58.32,100
5/5/2015,60.4,59.3,59.73,58.45,100
5/6/2015,60.93,58.95,61.1,58.63,100
5/7/2015,58.94,60.72,62.58,60.54,100
5/8/2015,59.39,60.69,61.31,58.49,100
5/11/2015,59.25,59.02,59.9,58.14,100
5/12/2015,60.75,59.43,59.85,58.75,100
5/13/2015,60.5,59.27,61.36,59.12,100
5/14/2015,59.88,61.23,61.85,60.02,100
5/15/2015,59.69,60.1,60.84,59.36,100
5/18/2015,59.43,59.67,59.97,58.42,100
5/19/2015,57.26,59.85,60.88,59.06,100
5/20/2015,58.98,59.54,59.63,57.09,100
5/21/2015,60.72,58.32,59.04,58.1,100
5/22/2015,59.72,58.81,60.94,58.69,100
5/26/2015,58.03,60.66,60.8,59.35,100
5/27/2015,57.51,60.05,60.25,57.71,100
5/28/2015,57.68,58.32,58.95,57.36,100
5/29/2015,60.3,57.63,58.07,56.51,100
6/1/2015,60.2,57.97,60.7,57.72,100
6/2/2015,61.26,60.29,60.64,59.33,100
6/3/2015,59.64,60.18,61.58,60.09,100
6/4/2015,58,61.02,61.43,59.34,100
6/5/2015,59.13,59.57,59.94,57.83,100
6/8/2015,58.14,57.99,59.23,56.83,100
6/9/2015,60.14,58.96,59.13,57.86,100
6/10/2015,61.43,58.31,60.68,58.23,100
6/11/2015,60.77,60.58,61.82,60.45,100
6/12/2015,59.96,61.14,61.53,60.21,100
6/15/2015,59.52,60.55,60.63,59.73,100
6/16/2015,59.97,59.9,59.98,58.73,100
6/17/2015,59.92,59.6,60.37,59.42,100
6/18/2015,60.45,60.03,61.38,58.85,100
6/19/2015,59.61,59.78,60.89,59.25,100
6/22/2015,59.68,60.5,60.56,58.88,100
6/23/2015,61.01,59.44,60.3,58.93,100
6/24/2015,60.27,60.21,61.49,59.55,100
6/25/2015,59.7,61.14,61.57,59.8,100
6/26/2015,59.63,60.22,60.46,59.43,100
6/29/2015,58.33,59.66,59.96,58.76,100
6/30/2015,59.47,58.84,59.27,58.04,100
7/1/2015,56.96,58.27,59.69,57.94,100
7/2/2015,56.93,58.98,58.98,56.68,100
7/6/2015,52.53,56.87,57.95,56.5,100
7/7/2015,52.33,56.42,55.34,52.41,100
7/8/2015,51.65,52.75,53.43,50.58,100
7/9/2015,52.78,52.91,52.96,50.91,100
7/10/2015,52.74,51.83,53.54,51.48,100
7/13/2015,52.2,52.48,53.89,51.96,100
7/14/2015,53.04,52.15,53.17,51.26,100
7/15/2015,51.41,52,53.43,50.88,100
7/16/2015,50.91,53.4,53.5,51.21,100
7/17/2015,50.89,51.62,52.17,50.84,100
7/20/2015,50.15,50.91,51.23,50.14,100
7/21/2015,50.36,50.76,51.26,49.85,100
7/22/2015,49.19,49.95,51.02,49.77,100
7/23/2015,48.45,50.71,50.71,49.04,100
7/24/2015,48.14,49.23,49.63,48.21,100
7/27/2015,47.39,48.79,49.03,47.72,100
7/28/2015,47.98,48,48.2,46.91,100
7/29/2015,48.79,47.02,48.44,46.68,100
7/30/2015,48.52,47.81,49.52,47.39,100
7/31/2015,47.12,48.83,49.36,48.34,100
8/3/2015,45.17,48.47,48.62,46.7,100
8/4/2015,45.74,46.86,46.94,45.08,100
8/5/2015,45.15,45.35,46.23,45.29,100
8/6/2015,44.66,45.96,46.7,44.83,100
8/7/2015,43.87,45.16,45.27,44.2,100
8/10/2015,44.96,44.82,45.16,43.7,100
8/11/2015,43.08,43.58,45.01,43.35,100
8/12/2015,43.3,44.81,45.34,42.69,100
8/13/2015,42.23,43.27,43.87,42.8,100
8/14/2015,42.5,43.34,43.72,41.91,100
8/17/2015,41.87,42.23,42.96,41.35,100
8/18/2015,42.62,42.18,42.69,41.64,100
8/19/2015,40.8,41.88,42.9,41.43,100
8/20/2015,41.14,42.41,42.68,40.4,100
8/21/2015,40.45,40.58,41.48,40.21,100
8/24/2015,38.24,41.03,41.4,39.86,100
8/25/2015,39.31,40.3,40.47,37.75,100
8/26/2015,38.6,38.18,39.89,38.16,100
8/27/2015,42.56,39.69,39.86,38.52,100
8/28/2015,45.22,38.96,42.86,38.95,100
8/31/2015,49.2,42.68,45.9,41.78,100
9/1/2015,45.41,45,49.33,43.6,100
9/2/2015,46.25,48.1,48.87,44.15,100
9/3/2015,46.75,44.26,46.77,43.21,100
9/4/2015,46.05,46.11,48.42,45.65,100
9/8/2015,45.94,46.68,47.23,45.61,100
9/9/2015,44.15,45.82,46.41,44.14,100
9/10/2015,45.92,45.79,46.26,44.05,100
9/11/2015,44.63,44.16,46.04,43.36,100
9/14/2015,44,45.71,45.88,44.16,100
9/15/2015,44.59,44.78,44.97,43.59,100
9/16/2015,47.15,44.11,45.25,43.92,100
9/17/2015,46.9,45.16,47.35,44.82,100
9/18/2015,44.68,47.13,47.71,46.33,100
9/21/2015,46.68,46.89,47.03,44.24,100
9/22/2015,45.83,44.97,46.74,44.69,100
9/23/2015,44.48,46.45,46.48,45.14,100
9/24/2015,44.91,46.54,47.15,44.41,100
9/25/2015,45.7,44.62,45.18,43.71,100
9/28/2015,44.43,45.05,46.38,44.86,100
9/29/2015,45.23,45.38,45.5,44.3,100
9/30/2015,45.09,44.5,45.7,44.3,100
10/1/2015,44.74,44.92,45.85,44.68,100
10/2/2015,45.54,45.38,47.1,44.63,100
10/5/2015,46.26,45.07,45.81,43.97,100
10/6/2015,48.53,45.65,46.94,45.21,100
10/7/2015,47.81,46.2,49.08,45.73,100
10/8/2015,49.43,49,49.71,47.7,100
10/9/2015,49.63,48.11,50.07,47.76,100
10/12/2015,47.1,49.69,50.92,49.17,100
10/13/2015,46.66,49.51,50.13,47.04,100
10/14/2015,46.64,47.46,48.43,46.44,100
10/15/2015,46.38,46.69,46.96,45.94,100
10/16/2015,47.26,46.28,47.02,45.23,100
10/19/2015,45.89,46.87,47.5,46.16,100
10/20/2015,45.55,47.27,47.49,45.85,100
10/21/2015,45.2,46.25,46.52,45.23,100
10/22/2015,45.38,45.88,46.08,44.86,100
10/23/2015,44.6,45.27,46.1,44.9,100
10/26/2015,43.98,45.44,45.75,44.2,100
10/27/2015,43.2,44.74,44.94,43.64,100
10/28/2015,45.94,43.78,43.91,42.58,100
10/29/2015,46.06,43.44,46.22,43.06,100
10/30/2015,46.59,46.06,46.79,45.16,100
11/2/2015,46.14,45.74,47.03,45.48,100
11/3/2015,47.9,46.43,46.73,45.56,100
11/4/2015,46.32,46.11,48.36,45.96,100
11/5/2015,45.2,47.74,48.28,46.17,100
11/6/2015,44.29,46.57,46.65,45.12,100
11/9/2015,43.87,45.41,45.64,44.11,100
11/10/2015,44.21,44.52,45.12,43.64,100
11/11/2015,42.93,44.1,44.76,43.57,100
11/12/2015,41.75,43.63,44.11,42.62,100
11/13/2015,40.74,43.05,43.33,41.54,100
11/16/2015,41.74,41.61,42.21,40.22,100
11/17/2015,40.67,40.92,42.25,40.06,100
11/18/2015,40.75,41.96,42.03,40.58,100
11/19/2015,40.54,41.11,41.55,39.91,100
11/20/2015,40.39,40.72,41.05,39.89,100
11/23/2015,41.75,40.54,40.99,38.99,100
11/24/2015,42.87,41.49,42.75,40.41,100
11/25/2015,43.04,42.04,43.46,41.86,100
11/27/2015,41.71,42.69,43.25,41.72,100
11/30/2015,41.65,43.25,43.3,41.67,100
12/1/2015,41.85,41.77,42.61,41.5,100
12/2/2015,39.94,41.73,42.23,41.17,100
12/3/2015,41.08,41.69,41.97,39.84,100
12/4/2015,39.97,40.15,41.78,40.07,100
12/7/2015,37.65,41.31,42,39.6,100
12/8/2015,37.51,40.1,40.15,37.5,100
12/9/2015,37.16,37.68,38.58,36.64,100
12/10/2015,36.76,37.86,38.99,36.87,100
12/11/2015,35.62,37.27,37.54,36.38,100
12/14/2015,36.31,36.63,36.84,35.16,100
12/15/2015,37.35,35.4,36.7,34.53,100
12/16/2015,35.52,36.32,37.88,36.03,100
12/17/2015,34.95,36.79,37.35,35.29,100
12/18/2015,34.73,35.8,35.84,34.63,100
12/21/2015,34.74,34.87,35.57,34.29,100
12/22/2015,36.14,34.58,34.86,33.98,100
12/23/2015,37.5,35.8,36.54,35.66,100
12/24/2015,38.1,36.47,37.95,36.28,100
12/28/2015,36.81,37.86,38.28,37.38,100
12/29/2015,37.87,38,38.09,36.6,100
12/30/2015,36.6,36.7,37.94,36.66,100
12/31/2015,37.04,37.36,37.4,36.4,100
1/4/2016,36.76,36.81,37.79,36.22,100
1/5/2016,35.97,37.6,38.39,36.33,100
1/6/2016,33.97,36.9,37.1,35.74,100
1/7/2016,33.27,36.18,36.39,33.77,100
1/8/2016,33.16,34.09,34.26,32.1,100
1/11/2016,31.41,33.3,34.34,32.64,100
1/12/2016,30.44,32.94,33.2,30.88,100
1/13/2016,30.48,31.11,32.21,29.93,100
1/14/2016,31.2,30.54,31.71,30.1,100
1/15/2016,29.42,30.6,31.77,30.28,100
1/19/2016,28.46,31.18,31.18,29.13,100
1/20/2016,26.55,29.2,30.21,28.21,100
1/21/2016,29.53,28.33,28.58,26.19,100
1/22/2016,32.19,28.35,30.25,27.87,100
1/25/2016,30.34,29.84,32.35,29.53,100
1/26/2016,31.45,32.05,32.74,29.53,100
1/27/2016,32.3,29.81,32.41,29.25,100
1/28/2016,33.22,30.55,32.84,30.14,100
1/29/2016,33.62,32.19,34.82,31.74,100
2/1/2016,31.62,33.7,34.4,32.65,100
2/2/2016,29.88,33.83,34.18,31.29,100
2/3/2016,32.28,31.37,31.53,29.57,100
2/4/2016,31.72,29.75,32.75,29.4,100
2/5/2016,30.89,32.71,33.6,31.53,100
2/8/2016,29.69,31.64,32.45,30.63,100
2/9/2016,27.94,30.97,31.38,29.57,100
2/10/2016,27.45,30.17,30.61,27.74,100
2/11/2016,26.21,28.36,29.22,27.24,100
2/12/2016,29.44,27.34,27.48,26.05,100
2/16/2016,29.04,27.3,29.66,26.95,100
2/17/2016,30.66,29.08,31.53,28.7,100
2/18/2016,30.77,29.14,31.49,28.73,100
2/19/2016,29.64,31.35,31.98,30.27,100
2/22/2016,31.48,30.6,30.73,29.05,100
2/23/2016,31.87,29.72,32.05,29.48,100
2/24/2016,32.15,33.34,33.53,31.22,100
2/25/2016,33.07,31.28,32.4,30.56,100
2/26/2016,32.78,32.19,33.49,31.07,100
2/29/2016,33.75,33.04,34.69,32.64,100
3/1/2016,34.4,32.72,33.98,32.32,100
3/2/2016,34.66,33.9,34.76,33.37,100
3/3/2016,34.57,33.89,35.17,33.55,100
3/4/2016,35.92,34.73,35.32,34.19,100
3/7/2016,37.9,34.66,36.34,34.4,100
3/8/2016,36.5,36.2,38.11,36.09,100
3/9/2016,38.29,37.94,38.39,36.12,100
3/10/2016,37.84,36.36,38.51,36.24,100
3/11/2016,38.5,38.17,38.48,37.21,100
3/14/2016,37.18,37.99,39.02,37.92,100
3/15/2016,36.34,38.17,38.77,36.68,100
3/16/2016,38.46,37.37,37.4,35.96,100
3/17/2016,40.2,36.74,38.63,36.61,100
3/18/2016,39.44,38.59,40.36,38.47,100
3/21/2016,39.91,40.25,41.2,39.15,100
3/22/2016,41.45,39.06,40.3,38.61,100
3/23/2016,39.79,41.59,41.9,40.77,100
3/24/2016,39.46,41.19,41.34,39.67,100
3/28/2016,39.39,39.73,39.77,38.33,100
3/29/2016,38.28,39.55,40.14,38.86,100
3/30/2016,38.32,39.32,39.48,37.91,100
3/31/2016,38.34,38.52,39.85,38.14,100
4/1/2016,36.79,38.3,39.04,37.57,100
4/4/2016,35.7,38.14,38.56,36.63,100
4/5/2016,35.89,36.61,37.21,35.46,100
4/6/2016,37.75,35.5,36.58,35.24,100
4/7/2016,37.26,36.52,37.9,36.43,100
4/8/2016,39.72,37.76,38.3,36.69,100
4/11/2016,40.36,37.52,39.84,37.45,100
4/12/2016,42.17,39.72,40.75,39.25,100
4/13/2016,41.76,40.35,42.25,40.09,100
4/14/2016,41.5,41.63,42.42,41.24,100
4/15/2016,40.36,41.54,42.16,40.84,100
4/18/2016,39.78,41.43,41.73,39.98,100
4/19/2016,41.08,38.75,40.24,37.61,100
4/20/2016,42.63,40.04,41.53,39.58,100
4/21/2016,43.18,40.8,42.91,39.85,100
4/22/2016,43.73,43.97,44.49,43.05,100
4/25/2016,42.64,43.42,44.45,43.11,100
4/26/2016,44.04,43.75,44.04,42.58,100
4/27/2016,45.33,42.96,44.83,42.5,100
4/28/2016,46.03,44.64,45.62,43.77,100
4/29/2016,45.92,45.3,46.14,44.94,100
5/2/2016,44.78,45.9,46.78,45.24,100
5/3/2016,43.65,45.9,46.15,44.54,100
5/4/2016,43.78,44.92,45.35,43.32,100
5/5/2016,44.32,43.85,44.88,43.22,100
5/6/2016,44.66,44.04,46.07,43.96,100
5/9/2016,43.44,44.52,45.34,43.54,100
5/10/2016,44.66,45,45.94,43.24,100
5/11/2016,46.23,43.25,44.79,43.03,100
5/12/2016,46.7,44.6,46.36,43.96,100
5/13/2016,46.21,46,47.02,45.61,100
5/16/2016,47.72,46.41,46.49,45.75,100
5/17/2016,48.31,46.28,47.98,46.15,100
5/18/2016,48.19,47.9,48.76,47.53,100
5/19/2016,48.16,48.53,48.95,47.75,100
5/20/2016,47.75,47.87,48.28,46.73,100
5/23/2016,48.08,48.2,48.79,47.44,100
5/24/2016,48.62,48.46,48.5,47.4,100
5/25/2016,49.56,48.08,49.27,47.64,100
5/26/2016,49.48,49.09,49.75,48.65,100
5/27/2016,49.33,49.7,50.21,49.22,100
5/31/2016,49.1,49.31,49.6,48.69,100
6/1/2016,49.01,49.54,50.1,48.81,100
6/2/2016,49.17,48.82,49.25,47.75,100
6/3/2016,48.62,48.9,49.47,47.97,100
6/6/2016,49.69,49.04,49.41,48.33,100
6/7/2016,50.36,48.88,49.9,48.71,100
6/8/2016,51.23,49.71,50.53,49.44,100
6/9/2016,50.56,50.41,51.62,50.32,100
6/10/2016,49.07,51.45,51.67,50.23,100
6/13/2016,48.88,50.47,50.73,48.8,100
6/14/2016,48.49,48.85,49.28,48.16,100
6/15/2016,48.01,48.52,48.69,47.84,100
6/16/2016,46.21,47.9,48.72,47.28,100
6/17/2016,47.98,47.45,47.75,45.91,100
6/20/2016,49.37,45.99,48.29,45.83,100
6/21/2016,48.85,48.29,49.42,48.14,100
6/22/2016,49.13,49.14,49.32,48.16,100
6/23/2016,50.11,50.22,50.54,48.4,100
6/24/2016,47.64,49.08,50.23,49.08,100
6/27/2016,46.33,50.3,50.45,46.7,100
6/28/2016,47.85,47.81,47.96,45.83,100
6/29/2016,49.88,46.59,48.18,46.54,100
6/30/2016,48.33,48.06,50,47.98,100
7/1/2016,48.99,49.55,49.62,48.17,100
7/5/2016,46.6,48.38,49.3,47.9,100
7/6/2016,47.43,49.11,49.35,46.33,100
7/7/2016,45.14,46.83,47.95,45.92,100
7/8/2016,45.41,47.88,48.25,44.87,100
7/11/2016,44.76,45.19,45.97,44.77,100
7/12/2016,46.8,45.07,45.77,44.42,100
7/13/2016,44.75,44.58,46.93,44.51,100
7/14/2016,45.68,46.58,46.71,44.56,100
7/15/2016,45.95,45.14,45.8,44.95,100
7/18/2016,45.24,45.52,46.33,45.05,100
7/19/2016,44.65,46.12,46.14,44.86,100
7/20/2016,44.94,45.23,45.67,44.53,100
7/21/2016,44.75,44.59,45.25,43.69,100
7/22/2016,44.19,45.65,46.09,44.52,100
7/25/2016,43.13,44.6,44.97,43.74,100
7/26/2016,42.92,44.2,44.37,42.97,100
7/27/2016,41.92,43.07,43.39,42.36,100
7/28/2016,41.14,42.66,43.2,41.68,100
7/29/2016,41.6,41.93,42.22,41.04,100
8/1/2016,40.06,41.12,41.67,40.57,100
8/2/2016,39.51,41.35,41.88,39.82,100
8/3/2016,40.83,40.08,40.91,39.26,100
8/4/2016,41.93,39.7,41.2,39.19,100
8/5/2016,41.8,41.16,42.08,40.43,100
8/8/2016,43.02,41.84,42.1,41.06,100
8/9/2016,42.77,41.99,43.39,41.81,100
8/10/2016,41.71,42.83,43.52,42.47,100
8/11/2016,43.49,42.74,43.39,41.42,100
8/12/2016,44.49,41.48,43.86,41.1,100
8/15/2016,45.74,43.46,44.78,43.31,100
8/16/2016,46.58,44.74,45.93,44.38,100
8/17/2016,46.79,45.59,46.73,45.34,100
8/18/2016,48.22,46.37,46.95,45.84,100
8/19/2016,48.52,46.9,48.38,46.63,100
8/22/2016,47.05,48.33,48.75,47.93,100
8/23/2016,48.1,48.4,48.4,46.75,100
8/24/2016,46.77,47.39,48.32,46.59,100
8/25/2016,47.33,47.59,47.74,46.45,100
8/26/2016,47.64,46.8,47.46,46.42,100
8/29/2016,46.98,47.37,48.46,46.94,100
8/30/2016,46.35,47.22,47.28,46.62,100
8/31/2016,44.7,46.98,47.49,46.21,100
9/1/2016,43.16,46.24,46.41,44.51,100
9/2/2016,44.44,44.85,45.08,43,100
9/6/2016,44.83,43.55,44.67,43.16,100
9/7/2016,45.5,44.15,46.53,43.84,100
9/8/2016,47.62,44.85,46.17,44.55,100
9/9/2016,45.88,46.12,47.75,45.77,100
9/12/2016,46.29,47.36,47.36,45.56,100
9/13/2016,44.9,45.57,46.51,44.72,100
9/14/2016,43.58,46.06,46.13,44.77,100
9/15/2016,43.91,45,45.33,43.42,100
9/16/2016,43.03,43.7,44.34,43.26,100
9/19/2016,43.3,43.71,43.75,42.74,100
9/20/2016,43.44,43.18,44.15,43.12,100
9/21/2016,45.34,43.13,44.05,42.55,100
9/22/2016,46.32,44.5,45.65,44.5,100
9/23/2016,44.48,45.62,46.52,45.52,100
9/26/2016,45.93,46.07,46.55,44.22,100
9/27/2016,44.67,44.62,46.2,44.43,100
9/28/2016,47.05,45.62,45.96,44.19,100
9/29/2016,47.83,44.96,47.45,44.35,100
9/30/2016,48.24,47.2,48.32,46.6,100
10/3/2016,48.81,47.76,48.3,47.04,100
10/4/2016,48.69,48.04,49.02,47.78,100
10/5/2016,49.83,48.65,49.26,48.26,100
10/6/2016,50.44,49.26,49.97,49.1,100
10/7/2016,49.81,49.65,50.63,49.33,100
10/10/2016,51.35,50.59,50.74,49.4,100
10/11/2016,50.79,49.57,51.6,49.15,100
10/12/2016,50.18,51.1,51.54,50.39,100
10/13/2016,50.44,50.84,51.17,49.89,100
10/14/2016,50.35,50,50.59,49.36,100
10/17/2016,49.94,50.58,51.14,49.9,100
10/18/2016,50.29,50.23,50.58,49.47,100
10/19/2016,51.6,50.04,50.78,49.76,100
10/20/2016,50.43,50.77,51.93,50.69,100
10/21/2016,50.85,51.4,51.58,50.25,100
10/24/2016,50.52,50.66,51.02,50.21,100
10/25/2016,49.96,50.85,50.98,49.62,100
10/26/2016,49.18,50.49,50.93,49.27,100
10/27/2016,49.72,49.31,50.1,48.87,100
10/28/2016,48.7,49.22,50.06,49,100
10/31/2016,46.86,49.61,49.81,48.42,100
11/1/2016,46.67,48.25,48.74,46.63,100
11/2/2016,45.34,46.77,47.35,46.2,100
11/3/2016,44.66,46.32,46.47,44.96,100
11/4/2016,44.07,45.48,45.9,44.37,100
11/7/2016,44.89,44.63,44.87,43.57,100
11/8/2016,44.98,44.45,45.01,44.11,100
11/9/2016,45.27,44.97,45.39,44.41,100
11/10/2016,44.66,44.82,45.95,43.07,100
11/11/2016,43.41,45.31,45.64,44.25,100
11/14/2016,43.32,44.35,44.63,43.03,100
11/15/2016,45.81,43.2,43.81,42.2,100
11/16/2016,45.57,43.76,46.09,43.55,100
11/17/2016,45.42,45.77,46.41,45.03,100
11/18/2016,45.69,45.37,46.58,44.88,100
11/21/2016,47.49,44.93,45.77,44.55,100
11/22/2016,48.03,45.83,47.8,45.77,100
11/23/2016,47.96,48.37,49.2,47.17,100
11/25/2016,46.06,47.94,48.43,47.4,100
11/28/2016,47.08,47.97,48.26,45.88,100
11/29/2016,45.23,45.43,47.65,45.14,100
11/30/2016,49.44,46.88,46.98,44.82,100
12/1/2016,51.06,45.24,49.9,45.22,100
12/2/2016,51.68,49.07,51.8,48.98,100
12/5/2016,51.79,51.01,51.73,50.18,100
12/6/2016,50.93,51.46,52.42,50.93,100
12/7/2016,49.77,50.97,51.6,50.28,100
12/8/2016,50.84,50.93,51.2,49.72,100
12/9/2016,51.5,49.88,50.98,49.61,100
12/12/2016,52.83,50.92,51.66,50.86,100
12/13/2016,52.98,52.58,54.51,52.18,100
12/14/2016,51.04,52.51,53.41,52.35,100
12/15/2016,50.9,52.45,52.78,50.67,100
12/16/2016,51.9,50.79,51.48,49.95,100
12/19/2016,52.12,51.1,52.08,50.5,100
12/20/2016,52.23,52.15,52.52,51.51,100
12/21/2016,52.49,52.11,52.7,51.85,100
12/22/2016,52.95,53.56,53.79,52.32,100
12/23/2016,53.02,52.52,53.19,52.08,100
12/27/2016,53.9,52.68,53.28,52.26,100
12/28/2016,54.06,53.29,54.1,53.03,100
12/29/2016,53.77,53.93,54.37,53.56,100
12/30/2016,53.72,53.66,54.21,53.46,100
1/3/2017,52.33,53.87,54.09,53.41,100
1/4/2017,53.26,54.2,55.24,52.11,100
1/5/2017,53.76,52.49,53.43,52.15,100
1/6/2017,53.99,53.39,54.12,52.79,100
1/9/2017,51.96,53.73,54.32,53.32,100
1/10/2017,50.82,53.75,53.83,51.76,100
1/11/2017,52.25,51.83,52.37,50.71,100
1/12/2017,53.01,50.81,52.78,50.75,100
1/13/2017,52.37,52.37,53.5,52.12,100
1/17/2017,52.48,53.05,53.17,52.27,100
1/18/2017,51.08,52.55,53.52,52.12,100
1/19/2017,51.37,52.52,52.79,50.91,100
1/20/2017,52.42,51.39,51.87,51.02,100
1/23/2017,52.75,51.45,52.9,51.39,100
1/24/2017,53.18,53.33,53.47,52.21,100
1/25/2017,52.75,52.86,53.56,52.67,100
1/26/2017,53.78,52.95,53.47,52.56,100
1/27/2017,53.17,52.96,54.06,52.79,100
1/30/2017,52.63,53.74,54.08,52.58,100
1/31/2017,52.81,53.15,53.46,52.41,100
2/1/2017,53.88,52.6,53.56,52.24,100
2/2/2017,53.54,52.76,53.91,52.64,100
2/3/2017,53.83,53.57,54.34,53.35,100
2/6/2017,53.01,53.68,54.22,53.4,100
2/7/2017,52.17,53.81,54.13,52.91,100
2/8/2017,52.34,53.14,53.24,51.63,100
2/9/2017,53,51.64,52.67,51.22,100
2/10/2017,53.86,52.37,53.21,52.37,100
2/13/2017,52.93,53.15,54.13,52.9,100
2/14/2017,53.2,53.8,53.95,52.77,100
2/15/2017,53.11,52.91,53.72,52.86,100
2/16/2017,53.36,53,53.51,52.73,100
2/17/2017,53.4,53.01,53.59,52.68,100
2/21/2017,54.06,53.47,53.52,52.88,100
2/22/2017,53.59,53.48,54.68,53.35,100
2/23/2017,54.45,54.26,54.6,53.35,100
2/24/2017,53.99,53.91,54.94,53.87,100
2/27/2017,54.05,54.33,54.51,53.76,100
2/28/2017,54.01,54.02,54.61,53.94,100
3/1/2017,53.83,54.04,54.23,53.18,100
3/2/2017,52.61,53.95,54.44,53.63,100
3/3/2017,53.33,53.69,53.8,52.54,100
3/6/2017,53.2,52.58,53.39,52.55,100
3/7/2017,53.14,53.19,53.56,52.76,100
3/8/2017,50.28,53.17,53.8,52.71,100
3/9/2017,49.28,52.79,52.92,50.05,100
3/10/2017,48.49,50.22,50.84,48.59,100
3/13/2017,48.4,49.61,50.11,48.31,100
3/14/2017,47.72,48.45,48.68,47.9,100
3/15/2017,48.86,48.45,48.79,47.09,100
3/16/2017,48.75,48.76,49.04,48.16,100
3/17/2017,48.78,49.01,49.62,48.45,100
3/20/2017,48.22,48.79,49.2,48.6,100
3/21/2017,47.34,48.7,48.74,47.84,100
3/22/2017,48.04,47.93,48.73,47.23,100
3/23/2017,47.7,48.16,48.32,47.01,100
3/24/2017,47.97,48.15,48.48,47.58,100
3/27/2017,47.73,47.67,48.2,47.54,100
3/28/2017,48.37,48.12,48.28,47.08,100
3/29/2017,49.51,47.89,48.74,47.8,100
3/30/2017,50.35,48.47,49.63,48.38,100
3/31/2017,50.6,49.6,50.47,49.27,100
4/3/2017,50.24,50.32,50.85,49.9,100
4/4/2017,51.03,50.69,50.83,50.12,100
4/5/2017,51.15,50.24,51.3,49.88,100
4/6/2017,51.7,51.18,51.88,50.74,100
4/7/2017,52.24,50.8,51.82,50.77,100
4/10/2017,53.08,51.7,52.94,51.49,100
4/11/2017,53.4,52.31,53.18,52.29,100
4/12/2017,53.11,53.13,53.45,52.7,100
4/13/2017,53.18,53.4,53.76,52.71,100
4/17/2017,52.65,52.85,53.39,52.82,100
4/18/2017,52.41,52.97,53.21,52.55,100
4/19/2017,50.44,52.75,52.85,52.1,100
4/20/2017,50.27,52.36,52.65,50.09,100
4/21/2017,49.62,50.63,50.97,50.18,100
4/24/2017,49.23,50.71,50.93,49.2,100
4/25/2017,49.56,49.68,50.22,49.03,100
4/26/2017,49.62,49.22,49.83,48.87,100
4/27/2017,48.97,49.36,50.2,48.94,100
4/28/2017,49.33,49.22,49.43,48.2,100
5/1/2017,48.84,49.27,49.76,48.8,100
5/2/2017,47.66,49.17,49.32,48.59,100
5/3/2017,47.82,48.78,49.28,47.35,100
5/4/2017,45.52,48.12,48.23,47.3,100
5/5/2017,46.22,47.6,47.75,45.29,100
5/8/2017,46.43,45.51,46.68,43.76,100
5/9/2017,45.88,46.35,46.98,45.73,100
5/10/2017,47.33,46.49,46.78,45.53,100
5/11/2017,47.83,46.18,47.78,46.01,100
5/12/2017,47.84,47.39,48.22,47.34,100
5/15/2017,48.85,47.81,48.07,47.35,100
5/16/2017,48.66,47.85,49.66,47.75,100
5/17/2017,49.07,48.82,49.38,48.17,100
5/18/2017,49.35,48.23,49.5,48.03,100
5/19/2017,50.33,48.93,49.6,48.05,100
5/22/2017,50.73,49.28,50.53,49.28,100
5/23/2017,51.47,50.6,51.06,50.44,100
5/24/2017,51.36,51.04,51.79,50.57,100
5/25/2017,48.9,51.44,51.88,51.03,100
5/26/2017,49.8,51.25,52,48.45,100
5/30/2017,49.66,48.75,49.94,48.18,100
5/31/2017,48.32,49.93,50.28,49.03,100
6/1/2017,48.36,49.65,49.71,47.73,100
6/2/2017,47.66,48.63,49.17,47.9,100
6/5/2017,47.4,48.04,48.19,46.74,100
6/6/2017,48.19,47.71,48.42,46.86,100
6/7/2017,45.72,47.4,48.4,46.94,100
6/8/2017,45.64,47.98,48.23,45.65,100
6/9/2017,45.83,45.85,46.18,45.2,100
6/12/2017,46.08,45.71,46.18,45.27,100
6/13/2017,46.46,45.8,46.71,45.66,100
6/14/2017,44.73,46.01,46.57,45.56,100
6/15/2017,44.46,45.94,46.49,44.54,100
6/16/2017,44.74,44.69,44.81,44.22,100
6/19/2017,44.2,44.25,44.94,44.24,100
6/20/2017,43.23,44.68,45.06,44.05,100
6/21/2017,42.53,44.11,44.4,42.75,100
6/22/2017,42.74,43.38,44.2,42.05,100
6/23/2017,43.01,42.55,43.32,42.26,100
6/26/2017,43.38,42.8,43.2,42.53,100
6/27/2017,44.24,43.16,43.65,42.63,100
6/28/2017,44.74,43.49,44.44,43.32,100
6/29/2017,44.93,43.7,44.9,43.67,100
6/30/2017,46.04,44.89,45.45,44.65,100
7/3/2017,47.07,44.89,46.35,44.88,100
7/5/2017,45.13,46.28,47.1,45.92,100
7/6/2017,45.52,47.04,47.32,44.51,100
7/7/2017,44.23,45.65,46.53,45.18,100
7/10/2017,44.4,45.35,45.42,43.78,100
7/11/2017,45.04,44.35,44.84,43.65,100
7/12/2017,45.49,44.58,45.81,43.83,100
7/13/2017,46.08,45.74,46.48,45.11,100
7/14/2017,46.54,45.44,46.28,44.99,100
7/17/2017,46.02,46.08,46.74,45.8,100
7/18/2017,46.4,46.68,46.88,45.89,100
7/19/2017,47.12,45.99,46.92,45.81,100
7/20/2017,46.79,46.25,47.26,46.14,100
7/21/2017,45.77,47.09,47.55,46.66,100
7/24/2017,46.34,46.91,47.21,45.54,100
7/25/2017,47.89,45.62,46.53,45.4,100
7/26/2017,48.75,46.46,48.66,46.38,100
7/27/2017,49.04,48.51,48.87,47.86,100
7/28/2017,49.71,48.7,49.24,48.25,100
7/31/2017,50.17,49.17,49.81,48.86,100
8/1/2017,49.16,49.85,50.41,49.18,100
8/2/2017,49.59,50.21,50.43,48.37,100
8/3/2017,49.03,48.8,49.65,48.55,100
8/4/2017,49.58,49.59,49.96,48.78,100
8/7/2017,49.39,48.95,49.64,48.5,100
8/8/2017,49.17,49.59,49.73,48.54,100
8/9/2017,49.56,49.31,49.79,48.86,100
8/10/2017,48.59,49,49.72,48.9,100
8/11/2017,48.82,49.68,50.22,48.35,100
8/14/2017,47.59,48.52,48.98,47.98,100
8/15/2017,47.55,48.79,49.16,47.43,100
8/16/2017,46.78,47.49,47.9,47.02,100
8/17/2017,47.09,47.72,47.99,46.67,100
8/18/2017,48.51,46.8,47.19,46.46,100
8/21/2017,47.37,46.93,48.74,46.78,100
8/22/2017,47.64,48.72,48.75,47.03,100
8/23/2017,48.41,47.45,48.03,47.2,100
8/24/2017,47.43,47.64,48.5,47.53,100
8/25/2017,47.87,48.36,48.43,47.06,100
8/28/2017,46.57,47.62,47.91,47.39,100
8/29/2017,46.44,47.89,48.2,46.15,100
8/30/2017,45.96,46.86,46.96,45.76,100
8/31/2017,47.23,46.31,46.72,45.84,100
9/1/2017,47.29,45.95,47.47,45.58,100
9/5/2017,48.66,47.08,47.35,46.56,100
9/6/2017,49.16,47.28,48.98,47.35,100
9/7/2017,49.09,48.59,49.42,48.52,100
9/8/2017,47.48,49.14,49.33,48.63,100
9/11/2017,48.07,49.09,49.26,47.27,100
9/12/2017,48.23,47.58,48.27,47,100
9/13/2017,49.3,48.12,48.44,47.73,100
9/14/2017,49.89,48.34,49.4,48.12,100
9/15/2017,49.89,49.31,50.5,49.15,100
9/18/2017,49.91,49.72,50.13,49.41,100
9/19/2017,49.48,49.85,50.33,49.19,100
9/20/2017,50.41,49.91,50.42,49.33,100
9/21/2017,50.55,49.84,50.65,49.75,100
9/22/2017,50.66,50.72,50.81,50.07,100
9/25/2017,52.22,50.73,50.78,50.29,100
9/26/2017,51.88,50.68,52.28,50.39,100
9/27/2017,52.14,52.12,52.43,51.43,100
9/28/2017,51.56,52.09,52.34,51.63,100
9/29/2017,51.67,52.05,52.86,51.22,100
10/2/2017,50.58,51.58,51.77,51.25,100
10/3/2017,50.42,51.64,51.71,50.07,100
10/4/2017,49.98,50.59,50.73,50.14,100
10/5/2017,50.79,50.16,50.67,49.76,100
10/6/2017,49.29,49.88,51.22,49.85,100
10/9/2017,49.58,50.75,50.82,49.1,100
10/10/2017,50.92,49.25,49.79,49.13,100
10/11/2017,51.3,49.55,51.06,49.54,100
10/12/2017,50.6,50.94,51.42,50.61,100
10/13/2017,51.45,51,51.13,50.15,100
10/16/2017,51.87,50.73,51.72,50.7,100
10/17/2017,51.88,51.43,52.37,51.35,100
10/18/2017,52.04,51.93,52.25,51.21,100
10/19/2017,51.29,51.94,52.33,51.69,100
10/20/2017,51.47,52.05,52.17,51.07,100
10/23/2017,51.9,51.42,51.73,50.7,100
10/24/2017,52.47,52.07,52.3,51.68,100
10/25/2017,52.18,51.89,52.62,51.55,100
10/26/2017,52.64,52.56,52.57,51.89,100
10/27/2017,53.9,52.19,52.86,51.91,100
10/30/2017,54.15,52.8,54.2,52.25,100
10/31/2017,54.38,54.16,54.46,53.75,100
11/1/2017,54.3,54.08,54.85,53.93,100
11/2/2017,54.54,54.65,55.22,53.89,100
11/3/2017,55.64,54.28,54.84,53.99,100
11/6/2017,57.35,54.73,55.76,54.4,100
11/7/2017,57.2,55.97,57.61,55.66,100
11/8/2017,56.81,57.27,57.69,56.83,100
11/9/2017,57.17,56.96,57.92,56.41,100
11/10/2017,56.74,56.85,57.53,56.69,100
11/13/2017,56.76,57.02,57.35,56.55,100
11/14/2017,55.7,56.9,57.15,56.3,100
11/15/2017,55.33,56.72,56.77,54.81,100
11/16/2017,55.14,55.06,55.56,54.88,100
11/17/2017,56.55,55.3,55.62,54.93,100
11/20/2017,56.09,55.25,56.68,55.18,100
11/21/2017,56.83,56.69,56.76,55.57,100
11/22/2017,58.02,56.38,57.22,56.32,100
11/24/2017,58.95,57.12,58.15,57.03,100
11/27/2017,58.11,58.05,59.05,58.36,100
11/28/2017,57.99,58.95,58.99,57.55,100
11/29/2017,57.3,57.86,58.11,57.42,100
11/30/2017,57.4,57.73,58.3,56.75,100
12/1/2017,58.36,57.41,57.98,56.82,100
12/4/2017,57.47,57.42,58.88,57.29,100
12/5/2017,57.62,58.32,58.34,57.35,100
12/6/2017,55.96,57.48,57.92,57.08,100
12/7/2017,56.69,57.45,57.57,55.87,100
12/8/2017,57.36,56,56.78,55.82,100
12/11/2017,57.99,56.65,57.79,56.54,100
12/12/2017,57.14,57.25,58.08,56.91,100
12/13/2017,56.6,58.02,58.56,56.85,100
12/14/2017,57.04,57.45,57.83,56.55,100
12/15/2017,57.3,56.7,57.22,56.09,100
12/18/2017,57.16,57.15,57.49,56.94,100
12/19/2017,57.46,57.37,57.78,56.82,100
12/20/2017,58.09,57.3,57.64,57.16,100
12/21/2017,58.36,57.66,58.12,57.44,100
12/22/2017,58.47,58.02,58.38,57.63,100
12/26/2017,59.97,58.21,58.5,57.87,100
12/27/2017,59.64,58.4,60.01,58.32,100
12/28/2017,59.84,59.79,59.93,59.33,100
12/29/2017,60.42,59.53,59.94,59.44,100
1/2/2018,60.37,59.91,60.51,59.82,100
1/3/2018,61.63,60.2,60.74,60.1,100
1/4/2018,62.01,60.39,61.97,60.28,100
1/5/2018,61.44,61.96,62.21,61.59,100
1/8/2018,61.73,61.9,62.04,61.09,100
1/9/2018,62.96,61.61,61.97,61.34,100
1/10/2018,63.57,61.92,63.48,61.8,100
1/11/2018,63.8,63.41,63.67,63.09,100
1/12/2018,64.3,63.5,64.77,63.43,100
1/16/2018,63.73,63.57,64.5,63.06,100
1/17/2018,63.97,64.43,64.89,63.39,100
1/18/2018,63.95,63.89,64.17,63.31,100
1/19/2018,63.37,64.07,64.35,63.47,100
1/22/2018,63.49,63.74,63.77,62.85,100
1/23/2018,64.47,63.61,64.14,63.17,100
1/24/2018,65.61,63.88,64.88,63.7,100
1/25/2018,65.51,64.42,66.05,64.34,100
1/26/2018,66.14,65.88,66.66,65.08,100
1/29/2018,65.56,65.25,66.35,64.91,100
1/30/2018,64.5,66.18,66.46,64.98,100
1/31/2018,64.73,65.53,65.56,63.89,100
2/1/2018,65.8,64.03,64.94,63.67,100
2/2/2018,65.45,64.76,66.25,64.63,100
2/5/2018,64.15,65.99,66.3,64.47,100
2/6/2018,63.39,65.1,65.4,63.42,100
2/7/2018,61.79,63.43,64.29,63.12,100
2/8/2018,61.15,63.92,64.18,61.25,100
2/9/2018,59.2,61.7,62.09,60.27,100
2/12/2018,59.29,60.43,60.77,58.07,100
2/13/2018,59.19,59.12,60.83,59.1,100
2/14/2018,60.6,59.35,59.73,58.39,100
2/15/2018,61.34,58.98,60.9,58.2,100
2/16/2018,61.68,60.71,61.64,59.72,100
2/20/2018,61.9,61.45,61.99,60.88,100
2/21/2018,61.68,61.63,62.74,61.58,100
2/22/2018,62.77,61.63,61.86,60.92,100
2/23/2018,63.55,61.34,63.09,60.75,100
2/26/2018,63.91,62.6,63.73,62.33,100
2/27/2018,63.01,63.6,64.24,63.06,100
2/28/2018,61.64,64.06,64.08,62.64,100
3/1/2018,60.99,62.79,63.44,61.36,100
3/2/2018,61.25,61.55,61.83,60.18,100
3/5/2018,62.57,61.34,61.6,60.13,100
3/6/2018,62.6,61.55,62.79,61.1,100
3/7/2018,61.15,62.58,63.28,62.17,100
3/8/2018,60.12,62.3,62.58,60.58,100
3/9/2018,62.04,61.33,61.4,59.95,100
3/12/2018,61.36,60.27,62.18,60.14,100
3/13/2018,60.71,62.1,62.33,60.67,100
3/14/2018,60.96,61.37,61.97,60.27,100
3/15/2018,61.19,60.87,61.33,60.11,100
3/16/2018,62.34,60.95,61.54,60.82,100
3/19/2018,62.06,61.19,62.54,61.08,100
3/20/2018,63.4,62.23,62.35,61.36,100
3/21/2018,65.17,62.1,63.81,62.08,100
3/22/2018,64.3,63.72,65.55,63.58,100
3/23/2018,65.88,65.5,65.74,64.14,100
3/26/2018,65.55,64.28,66,64.11,100
3/27/2018,65.25,65.9,66.55,65.08,100
3/28/2018,64.38,65.53,66.41,64.53,100
3/29/2018,64.94,64.7,65.13,63.72,100
4/2/2018,63.01,64.69,65.26,64.16,100
4/3/2018,63.51,64.91,65.42,62.8,100
4/4/2018,63.37,62.89,63.86,62.86,100
4/5/2018,63.54,63.59,63.64,62.06,100
4/6/2018,62.06,63.6,64.12,63.07,100
4/9/2018,63.42,63.7,63.79,61.81,100
4/10/2018,65.51,62,63.61,61.93,100
4/11/2018,66.82,63.3,65.86,63.2,100
4/12/2018,67.07,65.59,67.45,65.15,100
4/13/2018,67.39,66.75,67.33,66,100
4/16/2018,66.22,67.18,67.76,66.7,100
4/17/2018,66.52,67.24,67.74,66.13,100
4/18/2018,68.47,66.42,66.75,65.56,100
4/19/2018,68.29,66.68,68.91,66.56,100
4/20/2018,68.38,68.75,69.56,67.98,100
4/23/2018,68.64,68.26,68.62,67.5,100
4/24/2018,67.7,68.22,69.03,67.14,100
4/25/2018,68.05,68.95,69.38,67.54,100
4/26/2018,68.19,67.75,68.18,67.11,100
4/27/2018,68.1,68.03,68.78,67.71,100
4/30/2018,68.57,68.21,68.36,67.64,100
5/1/2018,67.25,68.15,69.34,67.17,100
5/2/2018,67.93,68.56,68.9,66.85,100
5/3/2018,68.43,67.49,68.14,66.92,100
5/4/2018,69.72,67.68,68.6,67.21,100
5/7/2018,70.73,68.5,69.97,68.12,100
5/8/2018,69.06,69.85,70.84,69.51,100
5/9/2018,71.14,70.03,70.4,67.63,100
5/10/2018,71.36,70.05,71.36,69.85,100
5/11/2018,70.7,71.23,71.89,70.56,100
5/14/2018,70.96,71.45,71.63,70.45,100
5/15/2018,71.31,70.54,71.26,70.26,100
5/16/2018,71.49,71.15,71.92,70.42,100
5/17/2018,71.49,71.02,71.59,70.66,100
5/18/2018,71.28,71.56,72.3,71.09,100
5/21/2018,72.24,71.6,71.75,70.99,100
5/22/2018,72.13,71.47,72.59,71.25,100
5/23/2018,71.84,72.53,72.83,71.9,100
5/24/2018,70.71,72.11,72.26,71.19,100
5/25/2018,67.88,71.83,72,70.52,100
5/29/2018,66.73,70.65,70.8,67.42,100
5/30/2018,68.21,67.55,67.55,65.8,100
5/31/2018,67.04,66.85,68.67,66.35,100
6/1/2018,65.81,68.24,68.3,66.56,100
6/4/2018,64.75,67.07,67.34,65.51,100
6/5/2018,65.52,65.71,66.04,64.57,100
6/6/2018,64.73,64.94,65.57,64.22,100
6/7/2018,65.95,65.51,65.96,64.27,100
6/8/2018,65.74,65.07,66.07,64.81,100
6/11/2018,66.1,65.98,66.24,65.15,100
6/12/2018,66.36,65.56,66.35,64.85,100
6/13/2018,66.64,66.05,66.7,65.87,100
6/14/2018,66.89,66.01,66.89,65.52,100
6/15/2018,65.06,66.62,67.16,66.36,100
6/18/2018,65.85,67,67.09,64.29,100
6/19/2018,65.07,64.4,65.98,63.59,100
6/20/2018,66.22,65.82,65.9,64.39,100
6/21/2018,65.54,65.11,66.53,65.01,100
6/22/2018,68.58,65.34,66.22,64.34,100
6/25/2018,68.08,65.93,69.38,65.71,100
6/26/2018,70.53,68.75,69.44,67.78,100
6/27/2018,72.76,68.21,70.91,67.72,100
6/28/2018,73.45,70.68,73.06,70.56,100
6/29/2018,74.15,72.27,74.03,72.2,100
7/2/2018,73.94,73.33,74.46,72.93,100
7/3/2018,74.14,73.62,74.35,72.51,100
7/5/2018,72.94,74.08,75.27,72.73,100
7/6/2018,73.8,74.23,74.9,72.53,100
7/9/2018,73.85,73.16,74.01,72.14,100
7/10/2018,74.11,73.87,74.28,72.99,100
7/11/2018,70.38,74.04,74.7,73.65,100
7/12/2018,70.33,74.2,74.26,70.02,100
7/13/2018,71.01,70.6,71.24,69.23,100
7/16/2018,68.06,70.38,71.66,69.84,100
7/17/2018,68.08,70.52,70.87,67.58,100
7/18/2018,68.76,68.03,68.44,67.03,100
7/19/2018,69.46,67.61,69.06,67.04,100
7/20/2018,70.46,69,70.17,67.8,100
7/23/2018,67.89,69.39,71.1,69.37,100
7/24/2018,68.52,68.17,69.31,67.6,100
7/25/2018,69.3,67.8,69.05,67.56,100
7/26/2018,69.61,68.77,69.7,68.2,100
7/27/2018,68.69,69.38,69.92,68.92,100
7/30/2018,70.13,69.58,69.77,68.26,100
7/31/2018,68.76,69.01,70.43,68.8,100
8/1/2018,67.66,70.05,70.22,67.98,100
8/2/2018,68.96,68.43,68.52,67.31,100
8/3/2018,68.49,67.86,69.36,66.92,100
8/6/2018,69.01,68.99,69.24,67.87,100
8/7/2018,69.17,68.65,69.92,68.5,100
8/8/2018,66.94,68.9,69.83,68.81,100
8/9/2018,66.81,69.09,69.37,66.32,100
8/10/2018,67.63,66.79,67.41,66.49,100
8/13/2018,67.2,66.74,67.87,66.14,100
8/14/2018,67.04,67.78,67.95,65.71,100
8/15/2018,65.01,67.42,68.37,66.58,100
8/16/2018,65.46,66.62,66.9,64.51,100
8/17/2018,65.91,64.95,65.52,64.43,100
8/20/2018,66.43,65.47,66.39,65.3,100
8/21/2018,67.35,65.91,66.68,65.59,100
8/22/2018,67.86,66.62,68.1,66.52,100
8/23/2018,67.83,66.08,68.15,65.98,100
8/24/2018,68.72,68.07,68.12,67.32,100
8/27/2018,68.87,67.9,69.31,67.78,100
8/28/2018,68.53,68.57,68.97,68.34,100
8/29/2018,69.51,68.93,69.2,68.21,100
8/30/2018,70.25,68.54,69.76,68.37,100
8/31/2018,69.8,69.71,70.5,69.55,100
9/4/2018,69.87,70.06,70.36,69.64,100
9/5/2018,68.72,69.89,71.4,69.08,100
9/6/2018,67.77,69.43,69.59,68.56,100
9/7/2018,67.75,68.64,69.02,67,100
9/10/2018,67.54,67.88,68.08,66.86,100
9/11/2018,69.25,67.82,68.52,67.33,100
9/12/2018,70.37,67.53,70.01,67.48,100
9/13/2018,68.59,69.89,71.26,69.5,100
9/14/2018,68.99,70.24,70.28,68.35,100
9/17/2018,68.91,68.79,69.91,67.94,100
9/18/2018,69.85,68.93,69.72,68.53,100
9/19/2018,71.12,68.8,70.42,68.53,100
9/20/2018,70.8,69.71,71.5,69.65,100
9/21/2018,70.78,71.39,71.81,70.73,100
9/24/2018,72.08,70.2,71.8,69.98,100
9/25/2018,72.28,71.14,72.74,71.14,100
9/26/2018,71.57,72.25,72.78,71.89,100
9/27/2018,72.12,72.09,72.38,71.47,100
9/28/2018,73.25,72.01,72.6,71.71,100
10/1/2018,75.3,72.18,73.73,71.88,100
10/2/2018,75.23,73.29,75.77,72.95,100
10/3/2018,76.41,75.42,75.91,74.93,100
10/4/2018,74.33,75.12,76.9,74.3,100
10/5/2018,74.34,76.18,76.47,73.88,100
10/8/2018,74.29,74.67,75.22,73.83,100
10/9/2018,74.96,74.4,74.58,73.07,100
10/10/2018,73.17,74.21,75.28,74,100
10/11/2018,70.97,74.66,75.08,72.38,100
10/12/2018,71.34,72.68,72.76,70.51,100
10/15/2018,71.78,70.99,72.01,70.64,100
10/16/2018,71.92,71.85,72.7,70.85,100
10/17/2018,69.75,71.72,72.29,71.02,100
10/18/2018,68.65,72.17,72.43,69.43,100
10/19/2018,69.12,70.03,70.03,68.47,100
10/22/2018,69.17,68.68,69.77,68.56,100
10/23/2018,66.43,69.41,69.65,68.27,100
10/24/2018,66.82,69.55,69.66,65.74,100
10/25/2018,67.33,66.17,67.72,66.05,100
10/26/2018,67.59,66.36,67.65,65.99,100
10/29/2018,67.04,66.95,67.88,66.2,100
10/30/2018,66.18,67.55,67.95,66.29,100
10/31/2018,65.31,66.68,67.26,65.33,100
11/1/2018,63.69,66.32,67,64.81,100
11/2/2018,63.14,64.88,65.39,63.11,100
11/5/2018,63.1,63.5,63.95,62.63,100
11/6/2018,62.21,62.99,64.14,62.52,100
11/7/2018,61.67,62.7,63.32,61.31,100
11/8/2018,60.67,61.74,63.18,61.2,100
11/9/2018,60.19,61.64,62.42,60.4,100
11/12/2018,59.93,60.75,60.79,59.26,100
11/13/2018,55.69,60.7,61.28,58.68,100
11/14/2018,56.25,58.88,59.35,54.75,100
11/15/2018,56.46,55.27,57.37,55.13,100
11/16/2018,56.46,56.02,57.26,55.59,100
11/19/2018,56.76,56.58,57.96,55.89,100
11/20/2018,53.43,56.72,57.33,55.08,100
11/21/2018,54.63,57.39,57.44,52.77,100
11/23/2018,50.42,53.39,55.86,53.39,100
11/26/2018,51.63,54.66,54.12,50.15,100
11/27/2018,51.56,50.62,52.25,50.1,100
11/28/2018,50.29,51.54,52.38,50.3,100
11/29/2018,51.45,52.09,52.56,50.06,100
11/30/2018,50.93,50.31,52.2,49.41,100
12/3/2018,52.95,51.27,51.79,49.65,100
12/4/2018,53.25,52.45,53.85,52.03,100
12/5/2018,52.89,53.13,54.55,52.43,100
12/6/2018,51.49,52.59,54.44,52.16,100
12/7/2018,52.61,52.93,53.3,50.08,100
12/10/2018,51,51.76,54.22,50.6,100
12/11/2018,51.65,52.03,52.81,50.53,100
12/12/2018,51.15,50.89,52.43,50.7,100
12/13/2018,52.58,51.95,52.88,50.94,100
12/14/2018,51.2,51.2,53.27,50.35,100
12/17/2018,49.88,52.83,52.95,50.84,100
12/18/2018,46.24,51.25,51.87,49.01,100
12/19/2018,47.2,49.16,49.59,45.79,100
12/20/2018,45.88,45.93,48,45.93,100
12/21/2018,45.59,47.39,47.51,45.67,100
12/24/2018,42.53,46.25,46.77,45.13,100
12/26/2018,46.22,45.45,46.24,42.36,100
12/27/2018,44.61,42.85,47,42.52,100
12/28/2018,45.33,46.58,46.7,44.37,100
12/31/2018,45.41,45.44,46.22,44.42,100
1/2/2019,46.54,45.22,46.53,44.73,100
1/3/2019,47.09,45.8,47.78,44.35,100
1/4/2019,47.96,46.26,47.49,45.35,100
1/7/2019,48.52,46.9,49.22,46.65,100
1/8/2019,49.78,48.3,49.79,48.11,100
1/9/2019,52.36,48.73,49.95,48.31,100
1/10/2019,52.59,49.8,52.58,49.71,100
1/11/2019,51.59,52.18,52.78,51.37,100
1/14/2019,50.51,52.28,53.31,51.18,100
1/15/2019,52.11,51.73,52.11,50.38,100
1/16/2019,52.31,50.78,52.3,50.64,100
1/17/2019,52.07,52,52.52,51.26,100
1/18/2019,53.8,52.3,52.58,50.98,100
1/22/2019,52.57,52.23,53.92,52.09,100
1/23/2019,52.62,53.73,54.02,51.8,100
1/24/2019,53.13,52.95,53.64,51.86,100
1/25/2019,53.69,52.45,53.47,52.07,100
1/28/2019,51.99,53.17,53.94,52.91,100
1/29/2019,53.31,53.56,53.64,51.33,100
1/30/2019,54.23,52.12,53.93,51.84,100
1/31/2019,53.79,53.24,54.93,53.09,100
2/1/2019,55.26,54.28,55.37,53.62,100
2/4/2019,54.56,54.01,55.66,53.37,100
2/5/2019,53.66,55.32,55.75,53.29,100
2/6/2019,54.01,54.86,55.21,53.47,100
2/7/2019,52.64,53.73,54.3,52.86,100
2/8/2019,52.72,53.94,54.21,51.8,100
2/11/2019,52.41,52.59,52.99,52.08,100
2/12/2019,53.1,52.66,52.78,51.23,100
2/13/2019,53.9,52.47,54.05,52.29,100
2/14/2019,54.41,53.35,54.6,53.27,100
2/15/2019,55.59,53.96,54.68,53.08,100
2/19/2019,56.09,54.48,55.87,54.24,100
2/20/2019,56.92,55.78,56.33,55.29,100
2/21/2019,56.96,55.94,57.55,55.48,100
2/22/2019,57.26,57.24,57.61,56.64,100
2/25/2019,55.48,56.84,57.81,56.71,100
2/26/2019,55.5,57.17,57.53,55.08,100
2/27/2019,56.94,55.46,56.08,55.02,100
2/28/2019,57.22,55.95,57.39,55.72,100
3/1/2019,55.8,57,57.43,56.43,100
3/4/2019,56.59,57.22,57.88,55.57,100
3/5/2019,56.56,55.83,57,55.81,100
3/6/2019,56.22,56.45,57.19,56.09,100
3/7/2019,56.66,56.28,56.4,55.42,100
3/8/2019,56.07,56.2,56.99,56.08,100
3/11/2019,56.79,56.43,56.51,54.52,100
3/12/2019,56.87,56.07,57.01,55.96,100
3/13/2019,58.26,56.76,57.55,56.74,100
3/14/2019,58.61,57.09,58.48,57.01,100
3/15/2019,58.52,58.35,58.74,58,100
3/18/2019,59.09,58.51,58.95,57.74,100
3/19/2019,59.03,58.45,59.23,58.05,100
3/20/2019,59.83,59.01,59.57,58.62,100
3/21/2019,59.98,59.02,60.12,58.39,100
3/22/2019,59.04,59.99,60.39,59.66,100
3/25/2019,58.82,59.87,60.07,58.28,100
3/26/2019,59.94,58.98,59.35,58.17,100
3/27/2019,59.41,59.12,60.38,59.04,100
3/28/2019,59.3,60.03,60.22,58.81,100
3/29/2019,60.14,59.4,59.56,58.2,100
4/1/2019,61.59,59.53,60.73,59.41,100
4/2/2019,62.58,60.24,61.8,60.13,100
4/3/2019,62.46,61.81,62.75,61.6,100
4/4/2019,62.1,62.64,62.99,62.05,100
4/5/2019,63.08,62.5,62.77,61.89,100
4/8/2019,64.4,62.18,63.34,61.82,100
4/9/2019,63.98,63.33,64.48,63.13,100
4/10/2019,64.61,64.4,64.79,63.68,100
4/11/2019,63.58,64.22,64.7,64.05,100
4/12/2019,63.89,64.48,64.49,63.31,100
4/15/2019,63.4,63.71,64.65,63.66,100
4/16/2019,64.05,63.76,63.84,63.03,100
4/17/2019,63.76,63.57,64.37,62.99,100
4/18/2019,64,64.32,64.61,63.66,100
4/22/2019,65.7,63.75,64.16,63.46,100
4/23/2019,66.3,64,65.92,64,100
4/24/2019,65.89,65.75,66.6,65.58,100
4/25/2019,65.21,66.17,66.43,65.66,100
4/26/2019,63.3,65.81,66.28,64.9,100
4/29/2019,63.5,65.13,65.18,62.28,100
4/30/2019,63.91,62.95,63.69,62.46,100
5/1/2019,63.6,63.58,64.75,63.3,100
5/2/2019,61.81,63.4,63.93,62.77,100
5/3/2019,61.94,63.61,63.68,60.95,100
5/6/2019,62.25,61.55,62.52,61.3,100
5/7/2019,61.4,61.43,62.95,60.04,100
5/8/2019,62.12,62.17,62.49,60.66,100
5/9/2019,61.7,61.44,62.37,61.07,100
5/10/2019,61.66,62.02,62.21,60.92,100
5/13/2019,61.04,61.64,62.49,61.42,100
5/14/2019,61.78,61.65,63.33,60.64,100
5/15/2019,62.02,60.86,62.11,60.69,100
5/16/2019,62.87,61.37,62.34,60.85,100
5/17/2019,62.76,62.12,63.48,62.08,100
5/20/2019,63.1,63.12,63.64,62.52,100
5/21/2019,62.99,62.93,63.81,62.45,100
5/22/2019,61.42,63.22,63.6,62.75,100
5/23/2019,57.91,62.95,63,61.03,100
5/24/2019,58.63,61.31,61.41,57.33,100
5/28/2019,59.14,58.21,59.1,57.5,100
5/29/2019,58.81,58.94,59.57,58.13,100
5/30/2019,56.59,59.07,59.14,56.88,100
5/31/2019,53.5,59.12,59.7,56.33,100
6/3/2019,53.25,56.46,56.61,53.05,100
6/4/2019,53.48,53.42,54.63,52.11,100
6/5/2019,51.68,52.89,53.78,52.43,100
6/6/2019,52.59,52.86,53.41,50.6,100
6/7/2019,53.99,51.66,53.3,51.17,100
6/10/2019,53.26,53.1,54.32,52.62,100
6/11/2019,53.27,54.24,54.84,53.05,100
6/12/2019,51.14,53.43,54.04,52.91,100
6/13/2019,52.28,53.04,53.05,50.72,100
6/14/2019,52.51,51.07,53.45,50.92,100
6/17/2019,51.93,52.18,52.98,51.7,100
6/18/2019,53.9,52.5,52.74,51.58,100
6/19/2019,53.76,51.95,54.31,51.5,100
6/20/2019,56.65,54.09,54.42,53.28,100
6/21/2019,57.43,54.12,57.02,54.11,100
6/24/2019,57.9,57.26,57.98,56.66,100
6/25/2019,57.83,57.72,58.22,56.75,100
6/26/2019,59.38,57.74,58.84,57.2,100
6/27/2019,59.43,58.84,59.93,58.65,100
6/28/2019,58.47,59.27,59.73,58.61,100
7/1/2019,59.09,59.22,59.8,57.75,100
7/2/2019,56.25,59.27,60.28,58.34,100
7/3/2019,57.34,59.14,59.43,56.09,100
7/5/2019,57.51,56.49,57.48,56.04,100
7/8/2019,57.66,57.38,57.82,56.29,100
7/9/2019,57.83,57.77,58.46,57.3,100
7/10/2019,60.43,57.56,59.1,57.29,100
7/11/2019,60.2,58.4,60.53,58.35,100
7/12/2019,60.21,60.44,60.94,60.14,100
7/15/2019,59.58,60.46,60.74,59.93,100
7/16/2019,57.62,60.25,60.92,59.2,100
7/17/2019,56.78,59.26,60.06,57.07,100
7/18/2019,55.3,57.52,58.36,56.21,100
7/19/2019,55.63,56.6,57.32,54.72,100
7/22/2019,56.22,55.72,56.36,54.99,100
7/23/2019,56.77,56.22,56.84,55.72,100
7/24/2019,55.88,56.17,57.47,55.74,100
7/25/2019,56.02,57.23,57.64,55.33,100
7/26/2019,56.2,55.9,56.99,55.81,100
7/29/2019,56.87,55.93,56.57,55.68,100
7/30/2019,58.05,56.2,57.1,55.81,100
7/31/2019,58.58,57.07,58.47,56.96,100
8/1/2019,53.95,58.34,58.82,57.81,100
8/2/2019,55.66,57.85,57.99,53.59,100
8/5/2019,54.69,54.54,56.05,54.15,100
8/6/2019,53.63,55.38,55.61,54.22,100
8/7/2019,51.09,54.95,55.42,53.29,100
8/8/2019,52.54,53.42,53.77,50.52,100
8/9/2019,54.5,52.33,53.06,51.94,100
8/12/2019,54.93,52.88,54.92,52.37,100
8/13/2019,57.1,54.32,55.18,53.54,100
8/14/2019,55.23,54.73,57.47,54.21,100
8/15/2019,54.47,56.74,56.85,53.97,100
8/16/2019,54.87,54.9,55.33,53.77,100
8/19/2019,56.21,54.74,55.67,54.26,100
8/20/2019,56.34,54.96,56.41,54.84,100
8/21/2019,55.68,56.1,56.6,55.28,100
8/22/2019,55.35,56.05,57.13,55.55,100
8/23/2019,54.17,55.94,56.46,54.85,100
8/26/2019,53.64,55.35,55.6,53.24,100
8/27/2019,54.93,53.25,55.26,52.96,100
8/28/2019,55.78,53.76,55.72,53.69,100
8/29/2019,56.71,55.71,56.75,55.34,100
8/30/2019,55.1,55.88,56.89,55.43,100
9/3/2019,53.94,56.63,56.72,54.55,100
9/4/2019,56.26,55,55.24,52.84,100
9/5/2019,56.3,53.92,56.58,53.84,100
9/6/2019,56.52,55.95,57.76,55.75,100
9/9/2019,57.85,56.19,56.95,54.83,100
9/10/2019,57.4,56.8,58.16,56.58,100
9/11/2019,55.75,58.03,58.76,57.2,100
9/12/2019,55.09,57.89,58.3,55.61,100
9/13/2019,54.85,55.93,56.34,54,100
9/16/2019,62.9,55.15,55.68,54.44,100
9/17/2019,59.34,61.48,63.38,58.77,100
9/18/2019,58.11,61.96,62.59,58.46,100
9/19/2019,58.13,58.81,59.43,57.67,100
9/20/2019,58.09,58.2,59.54,58.01,100
9/23/2019,58.64,58.65,59.1,57.79,100
9/24/2019,57.29,59.25,59.39,57.37,100
9/25/2019,56.49,58.44,58.49,56.69,100
9/26/2019,56.41,56.7,57.02,55.55,100
9/27/2019,55.91,56.69,56.84,55.41,100
9/30/2019,54.07,56.51,56.76,54.75,100
10/1/2019,53.62,56.54,56.57,53.98,100
10/2/2019,52.64,54.28,54.84,53.05,100
10/3/2019,52.45,54,54.42,52.17,100
10/4/2019,52.81,52.47,52.91,50.99,100
10/7/2019,52.75,52.29,53.35,52.04,100
10/8/2019,52.63,52.69,54.06,52.59,100
10/9/2019,52.59,52.81,53.27,51.81,100
10/10/2019,53.55,52.57,53.74,52.31,100
10/11/2019,54.7,52.69,53.97,51.38,100
10/14/2019,53.59,53.88,54.93,53.64,100
10/15/2019,52.81,54.9,54.9,52.77,100
10/16/2019,53.36,53.51,53.79,52.39,100
10/17/2019,53.93,52.92,53.74,52.51,100
10/18/2019,53.78,52.99,54.16,52.62,100
10/21/2019,53.31,54.09,54.62,53.35,100
10/22/2019,54.16,53.71,54.03,52.71,100
10/23/2019,55.97,53.39,54.62,53.1,100
10/24/2019,56.23,54.3,56.07,53.62,100
10/25/2019,56.66,55.9,56.51,55.41,100
10/28/2019,55.81,56.07,56.74,55.6,100
10/29/2019,55.54,56.65,56.92,55.58,100
10/30/2019,55.06,55.8,55.91,54.61,100
10/31/2019,54.18,55.53,55.73,54.42,100
11/1/2019,56.2,54.9,55.59,53.71,100
11/4/2019,56.54,54.15,56.33,54.07,100
11/5/2019,57.23,56.41,57.43,55.83,100
11/6/2019,56.35,56.56,57.5,56.3,100
11/7/2019,57.15,57.26,57.85,56.11,100
11/8/2019,57.24,56.35,57.88,56.27,100
11/11/2019,56.86,57.08,57.48,55.76,100
11/12/2019,56.8,57.4,57.4,56.25,100
11/13/2019,57.12,56.89,57.55,56.54,100
11/14/2019,56.77,56.79,57.53,56.2,100
11/15/2019,57.72,57.39,57.79,56.63,100
11/18/2019,57.05,56.91,57.97,56.43,100
11/19/2019,55.21,57.88,58.09,56.55,100
11/20/2019,57.11,56.9,57.11,55.04,100
11/21/2019,58.58,55.16,57.25,54.76,100
11/22/2019,57.77,57,58.67,56.6,100
11/25/2019,58.01,58.31,58.74,57.5,100
11/26/2019,58.41,57.92,58.15,57.21,100
11/27/2019,58.11,57.92,58.56,57.76,100
11/29/2019,55.17,58.27,58.68,57.51,100
12/2/2019,55.96,58.13,58.3,55.02,100
12/3/2019,56.1,55.47,56.67,55.42,100
12/4/2019,58.43,55.96,56.8,55.35,100
12/5/2019,58.43,56.43,58.66,56.28,100
12/6/2019,59.2,58.36,59.12,58.1,100
12/9/2019,59.02,58.32,59.85,57.7,100
12/10/2019,59.24,59.11,59.25,58.23,100
12/11/2019,58.76,58.92,59.52,58.52,100
12/12/2019,59.18,59.06,59.22,58.11,100
12/13/2019,60.07,58.88,59.72,58.75,100
12/16/2019,60.21,59.36,60.48,59.27,100
12/17/2019,60.94,59.87,60.34,59.71,100
12/18/2019,60.93,60.23,61.06,60.03,100
12/19/2019,61.22,60.55,61.18,60.32,100
12/20/2019,60.44,60.86,61.47,60.79,100
12/23/2019,60.52,61.11,61.2,60.02,100
12/24/2019,61.11,60.41,60.77,60.1,100
12/26/2019,61.68,60.63,61.16,60.47,100
12/27/2019,61.72,61.2,61.83,61.06,100
12/30/2019,61.68,61.73,61.97,61.24,100
12/31/2019,61.06,61.71,62.34,61.09,100
1/2/2020,61.18,61.68,61.88,60.63,100
1/3/2020,63.05,61.6,61.6,60.64,100
1/6/2020,63.27,61.18,64.09,61.13,100
1/7/2020,62.7,63.71,64.72,62.64,100
1/8/2020,59.61,62.91,63.15,62.11,100
1/9/2020,59.56,62.84,65.65,59.15,100
1/10/2020,59.04,59.99,60.31,58.66,100
1/13/2020,58.08,59.61,59.78,58.85,100
1/14/2020,58.23,59.04,59.27,57.91,100
1/15/2020,57.81,58.03,58.72,57.72,100
1/16/2020,58.52,58.2,58.36,57.36,100
1/17/2020,58.54,58.1,58.87,57.56,100
1/21/2020,58.34,58.59,58.98,58.27,100
1/22/2020,56.74,59.17,58.82,57.68,100
1/23/2020,55.59,58.26,58.38,56.03,100
1/24/2020,54.19,56.11,56.27,54.77,100
1/27/2020,53.14,55.69,55.95,53.85,100
1/28/2020,53.48,53.7,53.71,52.13,100
1/29/2020,53.33,52.77,54.06,52.68,100
1/30/2020,52.14,53.97,54.37,52.81,100
1/31/2020,51.56,53.09,53.2,51.66,100
2/3/2020,50.11,52.92,53.36,50.97,100
2/4/2020,49.61,51.01,51.97,49.8,100
2/5/2020,50.75,49.94,51.55,49.31,100
2/6/2020,50.95,49.51,51.88,49.47,100
2/7/2020,50.32,51.17,52.2,50.24,100
2/10/2020,49.57,51.11,51.48,50.09,100
2/11/2020,49.94,50.12,50.49,49.42,100
2/12/2020,51.17,49.61,50.69,49.58,100
2/13/2020,51.42,49.96,51.73,49.95,100
2/14/2020,52.05,51.72,51.96,50.6,100
2/18/2020,52.05,51.51,52.34,51.32,100
2/19/2020,53.29,52.23,52.41,50.88,100
2/20/2020,53.78,52.12,53.66,51.93,100
2/21/2020,53.38,53.5,54.5,53.22,100
2/24/2020,51.43,53.74,53.86,52.55,100
2/25/2020,49.9,52.6,52.64,50.45,100
2/26/2020,48.73,51.37,52.02,49.69,100
2/27/2020,47.09,50.08,50.44,48.3,100
2/28/2020,44.76,48.63,48.78,45.88,100
3/2/2020,46.75,46.49,47.03,43.85,100
3/3/2020,47.18,43.7,47.56,43.32,100
3/4/2020,46.78,47.72,48.66,46.47,100
3/5/2020,45.9,46.94,48.41,46.65,100
3/6/2020,41.28,47.13,47.57,45.65,100
3/9/2020,31.13,46.09,46.38,41.05,100
3/10/2020,34.36,32.87,34.88,27.34,100
3/11/2020,32.98,30.37,35.02,30.2,100
3/12/2020,31.5,34.62,36.35,32.56,100
3/13/2020,31.73,33.07,33.63,30.02,100
3/16/2020,28.7,30.77,33.87,30.33,100
3/17/2020,26.95,33.75,33.75,28.1,100
3/18/2020,20.37,28.69,30.3,26.63,100
3/19/2020,25.22,26.94,27.22,20.06,100
3/20/2020,22.43,22.3,27.71,21.36,100
3/23/2020,23.36,24.73,27.89,19.46,100
3/24/2020,24.01,22.52,24.07,20.8,100
3/25/2020,24.49,23.87,25.16,23.09,100
3/26/2020,22.6,24.37,25.24,22.91,100
3/27/2020,21.51,24.25,24.65,22.38,100
3/30/2020,20.09,23.29,23.44,20.88,100
3/31/2020,20.48,20.93,20.93,19.27,100
4/1/2020,20.31,20.23,21.89,20.01,100
4/2/2020,25.32,20.1,21.55,19.9,100
4/3/2020,28.34,21.22,27.39,20.76,100
4/6/2020,26.08,24.81,29.13,23.52,100
4/7/2020,23.63,26.09,28.24,25.28,100
4/8/2020,25.09,26.34,27.24,23.54,100
4/9/2020,22.76,24.3,26.45,23.74,100
4/13/2020,22.41,26.28,28.36,22.57,100
4/14/2020,20.11,24.6,24.74,22.03,100
4/15/2020,19.87,22.36,23.08,19.95,100
4/16/2020,19.87,20.72,20.89,19.2,100
4/17/2020,18.27,20.15,20.53,19.42,100
4/20/2020,-37.63,20,20.22,17.31,100
4/21/2020,10.01,17.73,17.85,-40.32,100
4/22/2020,13.78,-14,13.86,-16.74,100
4/23/2020,16.5,13.12,16.18,10.26,100
4/24/2020,16.94,14.2,18.26,13.35,100
4/27/2020,12.78,16.78,17.97,15.64,100
4/28/2020,12.34,16.84,16.98,11.88,100
4/29/2020,15.06,12.96,13.69,10.07,100
4/30/2020,18.84,13.35,16.78,12.67,100
5/1/2020,19.78,15.64,19.44,15.45,100
5/4/2020,20.39,19.04,20.48,18.07,100
5/5/2020,24.56,19.11,21.42,18.05,100
5/6/2020,23.99,21.24,25.49,21.13,100
5/7/2020,23.55,25.52,26.08,22.58,100
5/8/2020,24.74,24.09,26.74,22.94,100
5/11/2020,24.14,23.35,24.99,23.26,100
5/12/2020,25.78,24.49,25.58,23.67,100
5/13/2020,25.29,24.49,26.23,24.22,100
5/14/2020,27.56,25.3,26.45,24.79,100
5/15/2020,29.43,25.56,27.96,25.18,100
5/18/2020,31.82,27.64,29.92,27.24,100
5/19/2020,32.5,29.53,33.32,29.53,100
5/20/2020,33.49,32.83,33.44,31.34,100
5/21/2020,33.92,31.89,33.78,31.56,100
5/22/2020,33.25,33.53,34.66,33.26,100
5/26/2020,34.35,33.95,34,30.72,100
5/27/2020,32.81,33.3,34.81,32.48,100
5/28/2020,33.71,34.14,34.32,31.75,100
5/29/2020,35.49,32.1,34.21,31.14,100
6/1/2020,35.44,33.68,35.77,32.36,100
6/2/2020,36.81,35.21,35.9,34.27,100
6/3/2020,37.29,35.56,37.06,35.28,100
6/4/2020,37.41,36.86,38.18,35.88,100
6/5/2020,39.55,36.76,37.62,36.38,100
6/8/2020,38.19,37.33,39.68,37.05,100
6/9/2020,38.94,39.41,40.44,37.96,100
6/10/2020,39.6,38.22,39.1,37.07,100
6/11/2020,36.34,38.5,39.91,37.73,100
6/12/2020,36.26,39.09,39.09,35.41,100
6/15/2020,37.12,36.26,36.99,34.48,100
6/16/2020,38.38,36.03,37.26,34.36,100
6/17/2020,37.96,37.05,39.06,36.38,100
6/18/2020,38.84,37.93,38.75,37.21,100
6/19/2020,39.75,37.74,38.97,37.11,100
6/22/2020,40.46,38.85,40.49,38.4,100
6/23/2020,40.37,39.18,40.7,39.12,100
6/24/2020,38.01,40.68,41.63,39.76,100
6/25/2020,38.72,39.99,40.54,37.31,100
6/26/2020,38.49,38.05,39.23,37.08,100
6/29/2020,39.7,39.09,39.35,37.79,100
6/30/2020,39.27,37.96,39.89,37.5,100
7/1/2020,39.82,39.64,40.08,38.85,100
7/2/2020,40.65,39.84,40.58,39.05,100
7/6/2020,40.63,39.78,40.74,39.46,100
7/7/2020,40.62,40.31,41.08,40.15,100
7/8/2020,40.9,40.68,40.95,39.9,100
7/9/2020,39.62,40.48,41.08,40.3,100
7/10/2020,40.55,40.87,40.99,39.27,100
7/13/2020,40.1,39.58,40.77,38.54,100
7/14/2020,40.29,40.35,40.72,39.47,100
7/15/2020,41.2,39.6,40.57,39.07,100
7/16/2020,40.75,40.55,41.26,40.08,100
7/17/2020,40.59,40.97,41.18,40.52,100
7/20/2020,40.81,40.72,40.9,40.02,100
7/21/2020,41.96,40.64,40.91,39.83,100
7/22/2020,41.9,40.65,42.4,40.64,100
7/23/2020,41.07,41.54,42.03,41.14,100
7/24/2020,41.29,41.95,42.36,40.83,100
7/27/2020,41.6,41.06,41.67,40.66,100
7/28/2020,41.04,41.26,41.82,40.48,100
7/29/2020,41.27,41.65,41.93,40.85,100
7/30/2020,39.92,41.13,41.57,40.93,100
7/31/2020,40.27,41.32,41.39,38.72,100
8/3/2020,41.01,40.34,40.55,39.66,100
8/4/2020,41.7,40.39,41.24,39.58,100
8/5/2020,42.19,40.78,42.08,40.14,100
8/6/2020,41.95,41.56,43.52,41.47,100
8/7/2020,41.22,42.19,42.65,41.61,100
8/10/2020,41.94,41.97,42.22,41.06,100
8/11/2020,41.61,41.5,42.33,41.17,100
8/12/2020,42.67,41.98,42.94,41.48,100
8/13/2020,42.24,41.62,42.9,41.53,100
8/14/2020,42.01,42.57,42.84,42.09,100
8/17/2020,42.89,42.33,42.57,41.62,100
8/18/2020,42.89,42.24,42.97,41.8,100
8/19/2020,42.93,42.79,42.99,42.11,100
8/20/2020,42.58,42.6,43.03,42.36,100
8/21/2020,42.34,42.74,42.79,41.5,100
8/24/2020,42.62,42.75,42.96,41.46,100
8/25/2020,43.35,42.48,42.89,42.23,100
8/26/2020,43.39,42.36,43.57,42.31,100
8/27/2020,43.04,43.39,43.78,43,100
8/28/2020,42.97,43.45,43.5,42.36,100
8/31/2020,42.61,42.98,43.42,42.69,100
9/1/2020,42.76,42.91,43.57,42.56,100
9/2/2020,41.51,42.83,43.43,42.72,100
9/3/2020,41.37,43.02,43.21,41.23,100
9/4/2020,39.77,41.63,41.79,40.22,100
9/8/2020,36.76,41.25,41.87,39.35,100
9/9/2020,38.05,39.48,39.59,36.13,100
9/10/2020,37.3,36.79,38.45,36.16,100
9/11/2020,37.33,37.8,38.18,36.93,100
9/14/2020,37.26,37.01,37.82,36.67,100
9/15/2020,38.28,37.32,37.68,36.82,100
9/16/2020,40.16,37.28,38.57,37.06,100
9/17/2020,40.97,38.35,40.34,38.35,100
9/18/2020,41.11,40.19,41.22,39.42,100
9/21/2020,39.31,40.97,41.49,40.3,100
9/22/2020,39.6,40.98,41.27,38.66,100
9/23/2020,39.93,39.63,40.02,39,100
9/24/2020,40.31,39.76,40.75,39.26,100
9/25/2020,40.25,39.6,40.37,39.12,100
9/28/2020,40.6,40.15,40.64,39.71,100
9/29/2020,39.29,40.07,40.8,39.78,100
9/30/2020,40.22,40.58,40.7,38.41,100
10/1/2020,38.72,39.16,40.37,38.68,100
10/2/2020,37.05,39.9,40.47,37.61,100
10/5/2020,39.22,38.6,38.65,36.63,100
10/6/2020,40.67,37,39.72,37,100
10/7/2020,39.95,39.35,40.86,39.1,100
10/8/2020,41.19,39.83,40.35,39.28,100
10/9/2020,40.6,39.99,41.33,39.76,100
10/12/2020,39.43,41.31,41.47,40.38,100
10/13/2020,40.2,40.4,40.45,39.04,100
10/14/2020,41.04,39.53,40.53,39.35,100
10/15/2020,40.96,40.19,41.16,39.82,100
10/16/2020,40.88,41.13,41.29,39.22,100
10/19/2020,40.83,40.88,41.05,40.08,100
10/20/2020,41.46,40.69,41.22,40.54,100
10/21/2020,40.03,40.65,41.7,40.25,100
10/22/2020,40.64,41.22,41.59,39.78,100
10/23/2020,39.85,40.04,41.02,39.71,100
10/26/2020,38.56,40.61,40.92,39.57,100
10/27/2020,39.57,39.69,39.74,38.28,100
10/28/2020,37.39,38.59,39.83,38.51,100
10/29/2020,36.17,38.97,39.01,36.97,100
10/30/2020,35.79,37.39,37.76,34.92,100
11/2/2020,36.81,36.07,36.6,35.21,100
11/3/2020,37.66,35.24,37.15,33.64,100
11/4/2020,39.15,37.03,38.32,36.57,100
11/5/2020,38.79,38.15,39.25,37.26,100
11/6/2020,37.14,39.17,39.35,38.27,100
11/9/2020,40.29,38.54,38.61,37.06,100
11/10/2020,41.36,37.34,41.33,37.16,100
11/11/2020,41.45,39.91,41.84,39.41,100
11/12/2020,41.12,41.79,43.06,41.32,100
11/13/2020,40.13,41.47,42.19,40.87,100
11/16/2020,41.34,40.94,40.94,40.06,100
11/17/2020,41.43,40.17,42.09,40.15,100
11/18/2020,41.82,41.44,41.69,40.57,100
11/19/2020,41.74,41.35,42.46,41.08,100
11/20/2020,42.15,41.61,41.98,41.08,100
11/23/2020,43.06,41.7,42.32,41.51,100
11/24/2020,44.91,42.46,43.36,42.29,100
11/25/2020,45.71,42.84,45.2,42.82,100
11/27/2020,45.53,44.82,46.26,44.73,100
11/30/2020,45.34,45.9,46.09,44.55,100
12/1/2020,44.55,45.34,45.8,44.42,100
12/2/2020,45.28,45.08,45.7,44.12,100
12/3/2020,45.64,44.38,45.92,43.92,100
12/4/2020,46.26,44.99,45.84,44.66,100
12/7/2020,45.76,45.64,46.68,45.61,100
12/8/2020,45.6,46.15,46.54,45.36,100
12/9/2020,45.52,45.66,45.93,45.14,100
12/10/2020,46.78,45.6,46.24,44.95,100
12/11/2020,46.57,45.69,47.74,45.52,100
12/14/2020,46.99,46.97,47.29,46.34,100
12/15/2020,47.62,46.73,47.44,45.69,100
12/16/2020,47.82,46.99,47.73,46.54,100
12/17/2020,48.36,47.6,47.94,47.17,100
12/18/2020,49.1,47.85,48.59,47.81,100
12/21/2020,47.74,48.43,49.28,48.1,100
12/22/2020,47.02,48.54,48.61,46.18,100
12/23/2020,48.12,47.93,47.96,46.6,100
12/24/2020,48.23,46.79,48.5,46.16,100
12/28/2020,47.62,48.09,48.62,47.56,100
12/29/2020,48,48.23,48.96,47.5,100
12/30/2020,48.4,47.72,48.35,47.68,100
12/31/2020,48.52,48.13,48.66,47.61,100
1/4/2021,47.62,48.35,48.58,47.77,100
1/5/2021,49.93,48.4,49.83,47.18,100
1/6/2021,50.63,47.38,50.2,47.24,100
1/7/2021,50.83,49.82,50.94,49.48,100
1/8/2021,52.24,50.53,51.28,50.39,100
1/11/2021,52.25,50.93,52.75,50.81,100
1/12/2021,53.21,52.58,52.7,51.5,100
1/13/2021,52.91,52.18,53.45,52.07,100
1/14/2021,53.57,53.31,53.93,52.58,100
1/15/2021,52.36,52.84,53.75,52.24,100
1/19/2021,52.98,53.8,53.83,51.83,100
1/20/2021,53.24,52,53.13,51.76,100
1/21/2021,53.13,53.13,53.79,53.05,100
1/22/2021,52.27,52.93,53.41,52.75,100
1/25/2021,52.77,53.1,53.16,51.44,100
1/26/2021,52.61,52.17,52.95,51.82,100
1/27/2021,52.85,52.91,53.25,52.29,100
1/28/2021,52.34,52.76,53.3,51.85,100
1/29/2021,52.2,52.65,53.58,52.04,100
2/1/2021,53.55,52.15,53.25,51.93,100
2/2/2021,54.76,51.99,53.74,51.64,100
2/3/2021,55.69,53.48,55.26,53.45,100
2/4/2021,56.23,55.05,56.33,54.81,100
2/5/2021,56.85,55.96,56.58,55.3,100
2/8/2021,57.97,56.46,57.29,56.43,100
2/9/2021,58.36,57.06,58.14,57,100
2/10/2021,58.68,58.11,58.62,57.27,100
2/11/2021,58.24,58.45,58.91,58.08,100
2/12/2021,59.47,58.4,58.71,57.84,100
2/16/2021,60.05,57.94,59.82,57.41,100
2/17/2021,61.14,59.98,60.33,59.33,100
2/18/2021,60.52,60.24,61.73,59.43,100
2/19/2021,59.24,61.68,62.26,59.79,100
2/22/2021,61.49,60.2,60.29,58.59,100
2/23/2021,61.67,58.88,61.84,58.82,100
2/24/2021,63.22,62.16,63,60.67,100
2/25/2021,63.53,61.29,63.51,60.97,100
2/26/2021,61.5,63.39,63.81,62.65,100
3/1/2021,60.64,63.46,63.57,61.34,100
3/2/2021,59.75,61.95,62.92,59.96,100
3/3/2021,61.28,60.23,61.21,59.38,100
3/4/2021,63.83,59.55,61.99,59.24,100
3/5/2021,66.09,61.08,64.86,60.52,100
3/8/2021,65.05,64.16,66.42,63.82,100
3/9/2021,64.01,66.68,67.98,64.57,100
3/10/2021,64.44,64.73,65.98,63.63,100
3/11/2021,66.02,63.84,64.96,63.13,100
3/12/2021,65.61,64.7,66.21,64.54,100
3/15/2021,65.39,65.96,66.24,65.41,100
3/16/2021,64.8,65.56,66.4,64.13,100
3/17/2021,64.6,65.33,65.43,63.8,100
3/18/2021,60,64.75,65.34,63.6,100
3/19/2021,61.42,64.42,64.82,58.2,100
3/22/2021,61.55,59.56,61.72,58.94,100
3/23/2021,57.76,61.55,61.9,60.39,100
3/24/2021,61.18,61.28,61.35,57.25,100
3/25/2021,58.56,57.4,61.34,57.29,100
3/26/2021,60.97,60.8,60.86,57.44,100
3/29/2021,61.56,58.48,61.36,58.32,100
3/30/2021,60.55,60.93,61.77,59.41,100
3/31/2021,59.16,61.96,62.27,59.94,100
4/1/2021,61.45,60.45,61.17,58.85,100
4/2/2021,61.45,59.49,61.75,58.86,100
4/5/2021,58.65,61.5,61.5,57.63,100
4/6/2021,59.33,58.8,60.9,58.62,100
4/7/2021,59.77,59.26,60.04,58.12,100
4/8/2021,59.6,59.52,59.93,58.82,100
4/9/2021,59.32,59.76,59.95,59.1,100
4/12/2021,59.7,59.35,60.77,58.73,100
4/13/2021,60.18,59.64,60.59,59.64,100
4/14/2021,63.15,60.44,63.44,60.38,100
4/15/2021,63.46,62.83,63.57,62.53,100
4/16/2021,63.13,63.32,63.88,62.83,100
4/19/2021,63.38,62.98,63.63,62.63,100
4/20/2021,62.44,63.47,64.25,61.5,100
4/21/2021,61.35,62.39,62.56,60.86,100
4/22/2021,61.43,61.11,61.87,60.61,100
4/23/2021,62.14,61.65,62.43,61.25,100
4/26/2021,61.91,62.06,62.31,60.66,100
4/27/2021,62.94,61.97,63.3,61.91,100
4/28/2021,63.86,63.04,64.53,62.67,100
4/29/2021,65.01,63.7,65.47,63.65,100
4/30/2021,63.58,64.88,64.95,63.08,100
5/3/2021,64.49,63.64,64.68,62.91,100
5/4/2021,65.69,64.53,66.19,64.29,100
5/5/2021,65.63,66.45,66.76,64.92,100
5/6/2021,64.71,65.27,65.98,64.5,100
5/7/2021,64.9,64.9,65.24,63.9,100
5/10/2021,64.92,65.57,65.75,63.95,100
5/11/2021,65.28,64.9,65.5,63.68,100
5/12/2021,66.08,65.46,66.63,64.97,100
5/13/2021,63.82,65.75,65.81,63.09,100
5/14/2021,65.37,63.83,65.62,63.33,100
5/17/2021,66.27,65.5,66.43,64.83,100
5/18/2021,65.49,66.33,67.01,64.11,100
5/19/2021,63.36,65.28,65.35,61.95,100
5/20/2021,62.05,63.39,63.96,61.89,100
5/21/2021,63.58,61.89,64.07,61.56,100
5/24/2021,66.05,63.87,66.14,63.63,100
5/25/2021,66.07,66.02,66.51,65.41,100
5/26/2021,66.21,66.04,66.43,65.25,100
5/27/2021,66.85,66.16,66.92,65.47,100
5/28/2021,66.32,66.95,67.52,66.17,100
6/1/2021,67.72,66.68,68.87,66.41,100
6/2/2021,68.83,67.99,69,67.78,100
6/3/2021,68.81,68.76,69.4,68.19,100
6/4/2021,69.62,68.91,69.76,68.33,100
6/7/2021,69.23,69.52,70,68.93,100
6/8/2021,70.05,69.29,70.27,68.47,100
6/9/2021,69.96,70.01,70.62,69.46,100
6/10/2021,70.29,69.76,70.65,68.68,100
6/11/2021,70.91,70.1,71.24,69.68,100
6/14/2021,70.88,70.65,71.78,70.65,100
6/15/2021,72.12,71.16,72.49,70.81,100
6/16/2021,72.15,72.45,72.99,71.61,100
6/17/2021,71.04,71.65,72.3,69.77,100
6/18/2021,71.64,71.1,72.17,70.16,100
6/21/2021,73.66,71.52,73.96,71.15,100
6/22/2021,73.06,73.41,73.95,72.94,100
6/23/2021,73.08,72.91,74.25,72.82,100
6/24/2021,73.3,73.28,73.61,72.32,100
6/25/2021,74.05,73.32,74.18,72.85,100
6/28/2021,72.91,73.99,74.45,72.62,100
6/29/2021,72.98,72.78,73.81,71.97,100
6/30/2021,73.47,73.47,74.14,72.82,100
7/1/2021,75.23,73.5,76.22,73.39,100
7/2/2021,75.16,75.02,75.62,74.41,100
7/6/2021,73.37,75.35,76.98,72.94,100
7/7/2021,72.2,73.85,74.86,71.07,100
7/8/2021,72.94,72.17,73.26,70.76,100
7/9/2021,74.56,73.26,74.76,72.72,100
7/12/2021,74.1,74.74,74.93,73.16,100
7/13/2021,75.25,74.18,75.52,73.68,100
7/14/2021,73.13,75.17,75.44,72.21,100
7/15/2021,71.65,72.96,72.96,71.4,100
7/16/2021,71.81,71.48,72.3,70.41,100
7/19/2021,66.42,71.49,71.67,65.63,100
7/20/2021,67.42,66.6,67.65,65.21,100
7/21/2021,70.3,66.45,70.51,66.44,100
7/22/2021,71.91,70.22,72.03,69.86,100
7/23/2021,72.07,71.71,72.21,71.39,100
7/26/2021,71.91,72.18,72.43,70.56,100
7/27/2021,71.65,72.22,72.33,71.08,100
7/28/2021,72.39,71.9,72.6,71.7,100
7/29/2021,73.62,72.4,73.68,72.26,100
7/30/2021,73.95,73.41,74.23,72.93,100
8/2/2021,71.26,73.91,73.95,70.55,100
8/3/2021,70.56,71.52,71.96,69.19,100
8/4/2021,68.15,70.32,70.81,67.85,100
8/5/2021,69.09,68.06,69.35,67.61,100
8/6/2021,68.28,69.14,70.18,67.8,100
8/9/2021,66.48,67.88,67.9,65.15,100
8/10/2021,68.29,66.85,68.9,66.56,100
8/11/2021,69.25,68.51,69.45,66.67,100
8/12/2021,69.09,69.36,69.62,68.46,100
8/13/2021,68.44,68.91,69.22,67.77,100
8/16/2021,67.29,67.71,68.27,65.73,100
8/17/2021,66.59,67.43,67.72,66.33,100
8/18/2021,65.46,66.58,67.48,64.34,100
8/19/2021,63.69,64.58,64.76,62.63,100
8/20/2021,62.32,64.05,64.1,62.11,100
8/23/2021,65.64,61.96,66,61.74,100
8/24/2021,67.54,65.54,67.8,65.41,100
8/25/2021,68.36,67.63,68.54,66.92,100
8/26/2021,67.42,68,68.31,67.02,100
8/27/2021,68.74,67.75,69.05,67.52,100
8/30/2021,69.21,69.3,69.64,67.67,100
8/31/2021,68.5,69.18,69.34,68.16,100
9/1/2021,68.59,68.55,69.24,67.12,100
9/2/2021,69.99,68.29,70.61,67.84,100
9/3/2021,69.29,69.76,70.53,69.05,100
9/7/2021,68.35,69.11,69.48,67.64,100
9/8/2021,69.3,68.37,69.75,68.31,100
9/9/2021,68.14,69.36,69.89,67.56,100
9/10/2021,69.72,67.97,69.96,67.68,100
9/13/2021,70.45,69.74,70.97,69.51,100
9/14/2021,70.46,70.64,71.22,69.98,100
9/15/2021,72.61,70.76,73.14,70.65,100
9/16/2021,72.61,72.65,72.99,71.53,100
9/17/2021,71.97,72.62,72.72,71.21,100
9/20/2021,70.29,71.92,72.08,69.86,100
9/21/2021,70.56,70.59,71.63,69.67,100
9/22/2021,72.23,70.85,72.3,70.64,100
9/23/2021,73.3,71.97,73.5,71.61,100
9/24/2021,73.98,73.24,74.27,72.81,100
9/27/2021,75.45,74.19,75.75,74.16,100
9/28/2021,75.29,75.43,76.67,74.24,100
9/29/2021,74.83,74.38,75.79,73.74,100
9/30/2021,75.03,74.78,76.07,73.14,100
10/1/2021,75.88,75.12,75.99,74.23,100
10/4/2021,77.62,75.9,78.38,75.32,100
10/5/2021,78.93,77.58,79.48,77.47,100
10/6/2021,77.43,79.04,79.78,76.83,100
10/7/2021,78.3,77,78.89,74.96,100
10/8/2021,79.35,78.86,80.11,78.63,100
10/11/2021,80.52,79.59,82.18,79.55,100
10/12/2021,80.64,80.5,81.62,79.47,100
10/13/2021,80.44,80.58,81.04,79.42,100
10/14/2021,81.31,80.59,81.68,80.38,100
10/15/2021,82.28,81.48,82.66,81.39,100
10/18/2021,82.44,82.6,83.87,81.84,100
10/19/2021,82.96,82.37,83.74,81.8,100
10/20/2021,83.87,83.34,84.25,81.3,100
10/21/2021,82.5,83.58,83.96,80.79,100
10/22/2021,83.76,82.61,84.22,81.76,100
10/25/2021,83.76,83.98,85.41,83.39,100
10/26/2021,84.65,83.72,84.88,82.97,100
10/27/2021,82.66,84.39,84.51,82.01,100
10/28/2021,82.81,82.25,83.21,80.58,100
10/29/2021,83.57,83.09,83.74,81.41,100
11/1/2021,84.05,83.36,84.88,82.74,100
11/2/2021,83.91,83.87,84.41,82.92,100
11/3/2021,80.86,83.07,83.08,79.69,100
11/4/2021,78.81,80.18,83.42,78.25,100
11/5/2021,81.27,79.37,81.8,78.96,100
11/8/2021,81.93,81.13,82.67,81.05,100
11/9/2021,84.15,82.16,84.63,81.78,100
11/10/2021,81.34,84.53,84.97,80.81,100
11/11/2021,81.59,81.41,82.33,80.2,100
11/12/2021,80.79,81.21,81.62,79.78,100
11/15/2021,80.88,80.66,81.2,79.3,100
11/16/2021,80.76,80.93,81.81,80.03,100
11/17/2021,78.36,80.54,80.69,77.69,100
11/18/2021,79.01,78.34,79.36,77.08,100
11/19/2021,76.1,78.76,79.92,75.37,100
11/22/2021,76.75,75.75,77.16,74.76,100
11/23/2021,78.5,76.46,78.86,75.3,100
11/24/2021,78.39,78.48,79.23,77.98,100
11/26/2021,68.15,78.34,78.65,67.4,100
11/29/2021,69.95,69.23,72.93,68.86,100
11/30/2021,66.18,70.04,71.22,64.43,100
12/1/2021,65.57,67.01,69.49,64.84,100
12/2/2021,66.5,65.63,67.49,62.43,100
12/3/2021,66.26,67.5,69.22,65.6,100
12/6/2021,69.49,67.02,70.15,66.72,100
12/7/2021,72.05,69.72,73.03,69.52,100
12/8/2021,72.36,71.86,73,70.91,100
12/9/2021,70.94,72.52,73.34,70.39,100
12/10/2021,71.67,70.68,72.33,70.32,100
12/13/2021,71.29,72.04,73,70.71,100
12/14/2021,70.73,71.12,72.03,69.51,100
12/15/2021,70.87,70.35,71.66,69.39,100
12/16/2021,72.38,71.48,72.99,71.03,100
12/17/2021,70.86,71.92,72.26,69.89,100
12/20/2021,68.23,70.07,70.07,66.04,100
12/21/2021,71.12,69.21,71.55,68.56,100
12/22/2021,72.76,71.27,73.16,70.8,100
12/23/2021,73.79,73.03,73.95,72.27,100
12/27/2021,75.57,73.38,76.09,72.57,100
12/28/2021,75.98,75.97,76.92,75.53,100
12/29/2021,76.56,76.04,77.37,75.36,100
12/30/2021,76.99,76.58,77.44,75.78,100
12/31/2021,75.21,76.66,77.08,74.95,100
1/3/2022,76.08,75.69,76.46,74.27,100
1/4/2022,76.99,76.02,77.64,75.7,100
1/5/2022,77.85,77.18,78.58,76.51,100
1/6/2022,79.46,77.24,80.24,76.73,100
1/7/2022,78.9,79.62,80.47,78.52,100
1/10/2022,78.23,78.88,79.45,77.83,100
1/11/2022,81.22,78.42,81.59,78.36,100
1/12/2022,82.64,81.38,83.1,81.17,100
1/13/2022,82.12,82.82,82.94,81.39,100
1/14/2022,83.82,81.73,84.45,81.58,100
1/18/2022,85.43,84.32,86.63,83.5,100
1/19/2022,86.96,86.61,87.91,85.77,100
1/20/2022,86.9,86.23,87.82,86,100
1/21/2022,85.14,84.57,85.56,82.78,100
1/24/2022,83.31,84.91,86.09,81.9,100
1/25/2022,85.6,84.15,85.71,82.99,100
1/26/2022,87.35,85.26,87.95,85.01,100
1/27/2022,86.61,87.15,88.54,86.2,100
1/28/2022,86.82,87.5,88.84,86.44,100
1/31/2022,88.15,87.45,88.39,86.34,100
2/1/2022,88.2,88.15,88.87,86.55,100
2/2/2022,88.26,88.35,89.72,87.1,100
2/3/2022,90.27,87.98,90.45,86.75,100
2/4/2022,92.31,90.19,93.17,90.07,100
2/7/2022,91.32,91.82,92.73,90.73,100
2/8/2022,89.36,91.64,91.68,88.51,100
2/9/2022,89.66,89.86,90.58,88.41,100
2/10/2022,89.88,90.01,91.74,89.03,100
2/11/2022,93.1,90,94.66,89.19,100
2/14/2022,95.46,93.91,95.82,92.09,100
2/15/2022,92.07,94.83,95.17,90.66,100
2/16/2022,93.66,92.21,95.01,90,100
2/17/2022,91.76,90.9,93.36,90.62,100
2/18/2022,91.07,91.63,92.66,89.03,100
2/22/2022,92.35,91.75,96,92,100
2/23/2022,92.1,91.74,93.9,90.64,100
2/24/2022,92.81,92.52,100.54,91.45,100
2/25/2022,91.59,93.32,95.64,90.06,100
2/28/2022,95.72,94.99,99.1,94.43,100
3/1/2022,103.41,96.09,106.78,95.32,100
3/2/2022,110.6,107.12,112.51,105.18,100
3/3/2022,107.67,111.33,116.57,106.43,100
3/4/2022,115.68,107.96,116.02,107.25,100
3/7/2022,119.4,121.33,130.5,115.54,100
3/8/2022,123.7,120.67,129.44,117.07,100
3/9/2022,108.7,124.66,126.84,103.63,100
3/10/2022,106.02,110.41,114.88,105.53,100
3/11/2022,109.33,105.99,110.29,104.48,100
3/14/2022,103.01,109.42,109.72,99.76,100
3/15/2022,96.44,102.28,102.58,93.53,100
3/16/2022,95.04,95.23,99.22,94.07,100
3/17/2022,102.98,95.34,104.24,94.85,100
3/18/2022,104.7,103.62,106.28,102.3,100
3/21/2022,112.12,105.13,112.69,104.08,100
3/22/2022,111.76,112.9,115.01,109.3,100
3/23/2022,114.93,108.85,115.4,108.38,100
3/24/2022,112.34,114.47,116.64,110.61,100
3/25/2022,113.9,111.75,114.12,108.68,100
3/28/2022,105.96,112.92,112.93,102.83,100
3/29/2022,104.24,103.47,107.84,98.44,100
3/30/2022,107.82,105.24,108.75,104.55,100
3/31/2022,100.28,107.45,107.8,99.66,100
