Date,Close
1/2/2012,1566.37
1/3/2012,1603.95
1/4/2012,1611.95
1/5/2012,1622.71
1/6/2012,1617.08
1/9/2012,1611.15
1/10/2012,1632.33
1/11/2012,1641.99
1/12/2012,1649.99
1/13/2012,1638.92
1/16/2012,1643.88
1/17/2012,1652.38
1/18/2012,1659.84
1/19/2012,1658.5
1/20/2012,1666.6
1/23/2012,1676.85
1/24/2012,1665.25
1/25/2012,1710.8
1/26/2012,1720.08
1/27/2012,1738.95
1/30/2012,1729.85
1/31/2012,1737.76
2/1/2012,1743.53
2/2/2012,1759.55
2/3/2012,1726.33
2/6/2012,1720.25
2/7/2012,1745.45
2/8/2012,1733.13
2/9/2012,1729.54
2/10/2012,1721.85
2/13/2012,1722.25
2/14/2012,1720.23
2/15/2012,1728.18
2/16/2012,1728.25
2/17/2012,1723.49
2/20/2012,1734.93
2/21/2012,1759.25
2/22/2012,1776.3
2/23/2012,1780.78
2/24/2012,1772.35
2/27/2012,1767.65
2/28/2012,1784.25
2/29/2012,1696.76
3/1/2012,1718.25
3/2/2012,1712.45
3/5/2012,1706.32
3/6/2012,1674.38
3/7/2012,1684.91
3/8/2012,1699.85
3/9/2012,1713.85
3/12/2012,1701.34
3/13/2012,1674.03
3/14/2012,1644.79
3/15/2012,1658.66
3/16/2012,1659.98
3/19/2012,1664.5
3/20/2012,1650.86
3/21/2012,1650.55
3/22/2012,1645.91
3/23/2012,1661.7
3/26/2012,1690.18
3/27/2012,1680.75
3/28/2012,1663.55
3/29/2012,1661.57
3/30/2012,1668.15
4/2/2012,1677.75
4/3/2012,1645.85
4/4/2012,1620.55
4/5/2012,1631.15
4/6/2012,1640.3
4/9/2012,1640.26
4/10/2012,1659.93
4/11/2012,1658.98
4/12/2012,1675.78
4/13/2012,1658.38
4/16/2012,1652.01
4/17/2012,1649.59
4/18/2012,1642.24
4/19/2012,1642.82
4/20/2012,1643.05
4/23/2012,1638.84
4/24/2012,1642.25
4/25/2012,1643.72
4/26/2012,1657.35
4/27/2012,1662.85
4/30/2012,1664.75
5/1/2012,1662.4
5/2/2012,1653.45
5/3/2012,1636.05
5/4/2012,1642.35
5/7/2012,1638.45
5/8/2012,1605.4
5/9/2012,1589.55
5/10/2012,1594.01
5/11/2012,1579.35
5/14/2012,1556.73
5/15/2012,1544.1
5/16/2012,1539.75
5/17/2012,1574.14
5/18/2012,1593.03
5/21/2012,1593.33
5/22/2012,1568.5
5/23/2012,1561.53
5/24/2012,1559.3
5/25/2012,1573
5/28/2012,1573.33
5/29/2012,1555.34
5/30/2012,1562.93
5/31/2012,1560.51
6/1/2012,1624
6/4/2012,1619
6/5/2012,1617.05
6/6/2012,1619.55
6/7/2012,1589.32
6/8/2012,1593.4
6/11/2012,1596.8
6/12/2012,1609.71
6/13/2012,1617.16
6/14/2012,1623.6
6/15/2012,1627.1
6/18/2012,1628.09
6/19/2012,1618.39
6/20/2012,1607.5
6/21/2012,1566.37
6/22/2012,1572.43
6/25/2012,1584.38
6/26/2012,1572.86
6/27/2012,1574.19
6/28/2012,1552.68
6/29/2012,1597.45
7/2/2012,1597.01
7/3/2012,1617.45
7/4/2012,1615.65
7/5/2012,1604.58
7/6/2012,1583.85
7/9/2012,1587.65
7/10/2012,1567.15
7/11/2012,1576.38
7/12/2012,1571.73
7/13/2012,1589.6
7/16/2012,1589.4
7/17/2012,1583.41
7/18/2012,1573.45
7/19/2012,1581.54
7/20/2012,1584.53
7/23/2012,1576.75
7/24/2012,1581.18
7/25/2012,1603.85
7/26/2012,1615.85
7/27/2012,1623.2
7/30/2012,1621.96
7/31/2012,1614.58
8/1/2012,1599.58
8/2/2012,1588.05
8/3/2012,1603.55
8/6/2012,1610.68
8/7/2012,1612.35
8/8/2012,1612.55
8/9/2012,1617.18
8/10/2012,1620.15
8/13/2012,1609.75
8/14/2012,1599.05
8/15/2012,1603.1
8/16/2012,1615.13
8/17/2012,1616.4
8/20/2012,1620.5
8/21/2012,1637.8
8/22/2012,1654.5
8/23/2012,1670.53
8/24/2012,1670.5
8/27/2012,1663.97
8/28/2012,1666.75
8/29/2012,1656.5
8/30/2012,1655.6
8/31/2012,1691.85
9/3/2012,1692.33
9/4/2012,1695.88
9/5/2012,1692.93
9/6/2012,1700.33
9/7/2012,1735.85
9/10/2012,1726.06
9/11/2012,1731.88
9/12/2012,1730.75
9/13/2012,1767.12
9/14/2012,1770.5
9/17/2012,1761.25
9/18/2012,1771.31
9/19/2012,1770.3
9/20/2012,1768.53
9/21/2012,1773.1
9/24/2012,1764.4
9/25/2012,1760.64
9/26/2012,1752.75
9/27/2012,1777.38
9/28/2012,1772.25
10/1/2012,1775.43
10/2/2012,1774.57
10/3/2012,1777.88
10/4/2012,1790.15
10/5/2012,1780.7
10/8/2012,1774.55
10/9/2012,1764.2
10/10/2012,1762.29
10/11/2012,1767.18
10/12/2012,1754.03
10/15/2012,1737.4
10/16/2012,1747.47
10/17/2012,1750.15
10/18/2012,1741.4
10/19/2012,1721.75
10/22/2012,1728.6
10/23/2012,1707.63
10/24/2012,1702.04
10/25/2012,1712.1
10/26/2012,1711.2
10/29/2012,1709.25
10/30/2012,1709.6
10/31/2012,1720.65
11/1/2012,1714.2
11/2/2012,1678
11/5/2012,1684.97
11/6/2012,1716
11/7/2012,1717.55
11/8/2012,1731.4
11/9/2012,1731.07
11/12/2012,1728.2
11/13/2012,1724.95
11/14/2012,1726.5
11/15/2012,1715.75
11/16/2012,1713.72
11/19/2012,1731.72
11/20/2012,1727.05
11/21/2012,1728.69
11/22/2012,1729.55
11/23/2012,1753
11/26/2012,1748.7
11/27/2012,1742.09
11/28/2012,1719.69
11/29/2012,1725.74
11/30/2012,1714.98
12/3/2012,1715.96
12/4/2012,1697.59
12/5/2012,1693.9
12/6/2012,1699.88
12/7/2012,1704.07
12/10/2012,1713.11
12/11/2012,1709.95
12/12/2012,1711.71
12/13/2012,1697.1
12/14/2012,1696.15
12/17/2012,1698.32
12/18/2012,1671.23
12/19/2012,1667.18
12/20/2012,1647.92
12/21/2012,1657.22
12/24/2012,1657.84
12/25/2012,1657.98
12/26/2012,1659.45
12/27/2012,1664.1
12/28/2012,1655.7
12/31/2012,1675.35
1/1/2013,1675.92
1/2/2013,1686.89
1/3/2013,1663.99
1/4/2013,1656.1
1/7/2013,1646.92
1/8/2013,1659.13
1/9/2013,1657.63
1/10/2013,1675.36
1/11/2013,1662.98
1/14/2013,1667.8
1/15/2013,1679.62
1/16/2013,1679.93
1/17/2013,1687.64
1/18/2013,1684.25
1/21/2013,1690.05
1/22/2013,1692.75
1/23/2013,1685.84
1/24/2013,1667.97
1/25/2013,1658.65
1/28/2013,1655.61
1/29/2013,1663.8
1/30/2013,1677
1/31/2013,1663.7
2/1/2013,1667.4
2/4/2013,1674.3
2/5/2013,1672.95
2/6/2013,1677.57
2/7/2013,1671.4
2/8/2013,1667.25
2/11/2013,1648.07
2/12/2013,1651.33
2/13/2013,1642.5
2/14/2013,1634.85
2/15/2013,1610.15
2/18/2013,1609.78
2/19/2013,1605.05
2/20/2013,1564.55
2/21/2013,1576.27
2/22/2013,1581.16
2/25/2013,1593.46
2/26/2013,1613.76
2/27/2013,1597.1
2/28/2013,1579.61
3/1/2013,1576.18
3/4/2013,1573.83
3/5/2013,1575.5
3/6/2013,1583.97
3/7/2013,1579
3/8/2013,1578.97
3/11/2013,1581.6
3/12/2013,1592.8
3/13/2013,1587.7
3/14/2013,1590.19
3/15/2013,1592.1
3/18/2013,1605.49
3/19/2013,1612.87
3/20/2013,1606.92
3/21/2013,1614.85
3/22/2013,1608.55
3/25/2013,1605.3
3/26/2013,1600.05
3/27/2013,1605.27
3/28/2013,1596.97
3/29/2013,1597.5
4/1/2013,1599.52
4/2/2013,1575.89
4/3/2013,1557.9
4/4/2013,1554.8
4/5/2013,1581.25
4/8/2013,1573.47
4/9/2013,1585.35
4/10/2013,1558.42
4/11/2013,1561.5
4/12/2013,1482.75
4/15/2013,1348.21
4/16/2013,1367.36
4/17/2013,1376.25
4/18/2013,1390.5
4/19/2013,1403.79
4/22/2013,1426.45
4/23/2013,1413
4/24/2013,1431.99
4/25/2013,1467.9
4/26/2013,1461.92
4/29/2013,1475.84
4/30/2013,1476.71
5/1/2013,1457.64
5/2/2013,1467.07
5/3/2013,1470.75
5/6/2013,1469.46
5/7/2013,1452.7
5/8/2013,1473.94
5/9/2013,1458.15
5/10/2013,1448.55
5/13/2013,1430.59
5/14/2013,1425.46
5/15/2013,1393.03
5/16/2013,1385.97
5/17/2013,1359.5
5/20/2013,1393.85
5/21/2013,1376.29
5/22/2013,1370.27
5/23/2013,1391.05
5/24/2013,1386.64
5/27/2013,1394.78
5/28/2013,1381.12
5/29/2013,1392.95
5/30/2013,1414
5/31/2013,1387.8
6/3/2013,1411.35
6/4/2013,1399.56
6/5/2013,1403.43
6/6/2013,1413.97
6/7/2013,1382.97
6/10/2013,1386.5
6/11/2013,1378.33
6/12/2013,1389.02
6/13/2013,1386.15
6/14/2013,1390.67
6/17/2013,1385.27
6/18/2013,1367.67
6/19/2013,1351.31
6/20/2013,1284.97
6/21/2013,1296.42
6/24/2013,1282.39
6/25/2013,1277.65
6/26/2013,1226.59
6/27/2013,1200.67
6/28/2013,1234.53
7/1/2013,1252.52
7/2/2013,1243.43
7/3/2013,1252.88
7/4/2013,1249.89
7/5/2013,1223.14
7/8/2013,1236.98
7/9/2013,1251.39
7/10/2013,1259.72
7/11/2013,1286.01
7/12/2013,1285.59
7/15/2013,1284.7
7/16/2013,1292.13
7/17/2013,1276.02
7/18/2013,1284.23
7/19/2013,1296.03
7/22/2013,1335.82
7/23/2013,1345.18
7/24/2013,1322.14
7/25/2013,1333.83
7/26/2013,1333.16
7/29/2013,1328.1
7/30/2013,1326.37
7/31/2013,1325.07
8/1/2013,1310.2
8/2/2013,1312.03
8/5/2013,1303.01
8/6/2013,1283.19
8/7/2013,1287.61
8/8/2013,1313.27
8/9/2013,1314.46
8/12/2013,1338.39
8/13/2013,1321.67
8/14/2013,1336.16
8/15/2013,1366.18
8/16/2013,1376.57
8/19/2013,1366
8/20/2013,1371.23
8/21/2013,1366.66
8/22/2013,1376.14
8/23/2013,1397.73
8/26/2013,1404.65
8/27/2013,1415.15
8/28/2013,1417.51
8/29/2013,1407.79
8/30/2013,1395.27
9/2/2013,1389.77
9/3/2013,1412.41
9/4/2013,1391.57
9/5/2013,1367.48
9/6/2013,1391.8
9/9/2013,1386.97
9/10/2013,1363.88
9/11/2013,1365.31
9/12/2013,1321.73
9/13/2013,1326.17
9/16/2013,1312.79
9/17/2013,1310.6
9/18/2013,1363.77
9/19/2013,1366.25
9/20/2013,1325.85
9/23/2013,1322.72
9/24/2013,1323.26
9/25/2013,1334.36
9/26/2013,1324.08
9/27/2013,1336.88
9/30/2013,1329.03
10/1/2013,1287.54
10/2/2013,1316.03
10/3/2013,1316.86
10/4/2013,1311.09
10/7/2013,1323.1
10/8/2013,1319.29
10/9/2013,1305.59
10/10/2013,1287.6
10/11/2013,1272.2
10/14/2013,1272.48
10/15/2013,1282.35
10/16/2013,1282.51
10/17/2013,1320.32
10/18/2013,1316.25
10/21/2013,1316.02
10/22/2013,1340.11
10/23/2013,1333.47
10/24/2013,1346.75
10/25/2013,1350.62
10/28/2013,1352.63
10/29/2013,1345.05
10/30/2013,1344.55
10/31/2013,1323.06
11/1/2013,1316.18
11/4/2013,1314.64
11/5/2013,1311.68
11/6/2013,1317.89
11/7/2013,1307.63
11/8/2013,1288.5
11/11/2013,1282.81
11/12/2013,1268.04
11/13/2013,1281.75
11/14/2013,1287.18
11/15/2013,1290.18
11/18/2013,1275.44
11/19/2013,1275.72
11/20/2013,1244.33
11/21/2013,1242.91
11/22/2013,1243.8
11/25/2013,1251.38
11/26/2013,1242.85
11/27/2013,1237.9
11/28/2013,1244.65
11/29/2013,1253.35
12/2/2013,1219.83
12/3/2013,1223.42
12/4/2013,1243.79
12/5/2013,1225.23
12/6/2013,1229.1
12/9/2013,1240.35
12/10/2013,1262.19
12/11/2013,1252.32
12/12/2013,1225.49
12/13/2013,1238.69
12/16/2013,1241.32
12/17/2013,1230.89
12/18/2013,1218.53
12/19/2013,1188.68
12/20/2013,1203.24
12/23/2013,1198.86
12/24/2013,1204.35
12/25/2013,1204.62
12/26/2013,1210.64
12/27/2013,1213.27
12/30/2013,1196.57
12/31/2013,1201.64
1/1/2014,1205.9
1/2/2014,1224.6
1/3/2014,1236.97
1/6/2014,1238.06
1/7/2014,1232.08
1/8/2014,1225.99
1/9/2014,1227.98
1/10/2014,1248.5
1/13/2014,1253.31
1/14/2014,1245.19
1/15/2014,1241.88
1/16/2014,1242.39
1/17/2014,1254.05
1/20/2014,1254.35
1/21/2014,1241.41
1/22/2014,1237.15
1/23/2014,1264.13
1/24/2014,1270.06
1/27/2014,1257.11
1/28/2014,1256.83
1/29/2014,1267.34
1/30/2014,1243.78
1/31/2014,1244.55
2/3/2014,1257.65
2/4/2014,1254.65
2/5/2014,1257.92
2/6/2014,1258.2
2/7/2014,1267.27
2/10/2014,1274.78
2/11/2014,1291.36
2/12/2014,1291.15
2/13/2014,1302.92
2/14/2014,1318.66
2/17/2014,1331.5
2/18/2014,1322.02
2/19/2014,1311.6
2/20/2014,1322.97
2/21/2014,1324.25
2/24/2014,1336.97
2/25/2014,1340.5
2/26/2014,1330.64
2/27/2014,1331.29
2/28/2014,1326.39
3/3/2014,1350.61
3/4/2014,1334.47
3/5/2014,1336.86
3/6/2014,1350.82
3/7/2014,1339.98
3/10/2014,1339.72
3/11/2014,1349.01
3/12/2014,1366.84
3/13/2014,1370.28
3/14/2014,1382.92
3/17/2014,1367.07
3/18/2014,1355.78
3/19/2014,1329.59
3/20/2014,1327.77
3/21/2014,1334.69
3/24/2014,1308.76
3/25/2014,1311.17
3/26/2014,1304.48
3/27/2014,1291.31
3/28/2014,1295.23
3/31/2014,1284.01
4/1/2014,1278.95
4/2/2014,1289.9
4/3/2014,1286.7
4/4/2014,1303.5
4/7/2014,1297.28
4/8/2014,1308.66
4/9/2014,1311.8
4/10/2014,1318.95
4/11/2014,1318.42
4/14/2014,1327.99
4/15/2014,1302.64
4/16/2014,1302.53
4/17/2014,1295.12
4/18/2014,1294.3
4/21/2014,1289.77
4/22/2014,1283.81
4/23/2014,1283.91
4/24/2014,1293.36
4/25/2014,1303.25
4/28/2014,1296.74
4/29/2014,1295.92
4/30/2014,1291.6
5/1/2014,1284.31
5/2/2014,1299.7
5/5/2014,1310.28
5/6/2014,1308.05
5/7/2014,1289.88
5/8/2014,1289.43
5/9/2014,1288.91
5/12/2014,1295.8
5/13/2014,1293.63
5/14/2014,1305.97
5/15/2014,1296.22
5/16/2014,1293.52
5/19/2014,1292.97
5/20/2014,1294.37
5/21/2014,1292.04
5/22/2014,1294.1
5/23/2014,1292.61
5/26/2014,1292.91
5/27/2014,1264.95
5/28/2014,1258.14
5/29/2014,1255.56
5/30/2014,1249.68
6/2/2014,1243.93
6/3/2014,1244.95
6/4/2014,1243.94
6/5/2014,1253.63
6/6/2014,1253.23
6/9/2014,1252.34
6/10/2014,1259.9
6/11/2014,1261.07
6/12/2014,1273.46
6/13/2014,1276.96
6/16/2014,1272
6/17/2014,1270.58
6/18/2014,1277.71
6/19/2014,1320.39
6/20/2014,1314.82
6/23/2014,1317.52
6/24/2014,1318.29
6/25/2014,1319.18
6/26/2014,1316.58
6/27/2014,1316.17
6/30/2014,1327.33
7/1/2014,1326.46
7/2/2014,1326.86
7/3/2014,1319.53
7/4/2014,1320.55
7/7/2014,1319.94
7/8/2014,1319.24
7/9/2014,1327.83
7/10/2014,1335.75
7/11/2014,1338.7
7/14/2014,1307.15
7/15/2014,1294.05
7/16/2014,1299.21
7/17/2014,1319.2
7/18/2014,1310.88
7/21/2014,1312.49
7/22/2014,1306.42
7/23/2014,1304.59
7/24/2014,1293.66
7/25/2014,1307.22
7/28/2014,1304.05
7/29/2014,1299.11
7/30/2014,1296.3
7/31/2014,1282.59
8/1/2014,1293.75
8/4/2014,1288.25
8/5/2014,1288.78
8/6/2014,1305.9
8/7/2014,1312.63
8/8/2014,1309.58
8/11/2014,1308.48
8/12/2014,1309.51
8/13/2014,1312.92
8/14/2014,1313.52
8/15/2014,1304.7
8/18/2014,1298.4
8/19/2014,1295.73
8/20/2014,1291.94
8/21/2014,1276.78
8/22/2014,1281.1
8/25/2014,1276.84
8/26/2014,1281.2
8/27/2014,1282.63
8/28/2014,1289.65
8/29/2014,1287.32
9/1/2014,1286
9/2/2014,1265.4
9/3/2014,1269.4
9/4/2014,1261.67
9/5/2014,1268.81
9/8/2014,1255.45
9/9/2014,1255.47
9/10/2014,1249.77
9/11/2014,1240.92
9/12/2014,1229.65
9/15/2014,1233.22
9/16/2014,1235.55
9/17/2014,1223.51
9/18/2014,1225.15
9/19/2014,1215.7
9/22/2014,1215.08
9/23/2014,1223.42
9/24/2014,1217.09
9/25/2014,1221.58
9/26/2014,1218.38
9/29/2014,1215.81
9/30/2014,1208.15
10/1/2014,1213.82
10/2/2014,1214.57
10/3/2014,1191.42
10/6/2014,1207.3
10/7/2014,1209.01
10/8/2014,1221.14
10/9/2014,1224.33
10/10/2014,1223.16
10/13/2014,1235.87
10/14/2014,1232.83
10/15/2014,1242.02
10/16/2014,1238.81
10/17/2014,1238.32
10/20/2014,1246.91
10/21/2014,1248.7
10/22/2014,1241.27
10/23/2014,1231.84
10/24/2014,1231.01
10/27/2014,1226.62
10/28/2014,1228.52
10/29/2014,1212.15
10/30/2014,1198.85
10/31/2014,1172.94
11/3/2014,1165.63
11/4/2014,1168.39
11/5/2014,1140.54
11/6/2014,1141.92
11/7/2014,1177.97
11/10/2014,1151.47
11/11/2014,1164.33
11/12/2014,1162.6
11/13/2014,1162.55
11/14/2014,1188.75
11/17/2014,1186.57
11/18/2014,1197.08
11/19/2014,1182.68
11/20/2014,1193.79
11/21/2014,1201.55
11/24/2014,1197.14
11/25/2014,1200.98
11/26/2014,1197.87
11/27/2014,1192.67
11/28/2014,1167.38
12/1/2014,1212.1
12/2/2014,1198.28
12/3/2014,1209.43
12/4/2014,1205.27
12/5/2014,1192.35
12/8/2014,1203.51
12/9/2014,1231.06
12/10/2014,1226.31
12/11/2014,1227.72
12/12/2014,1222.59
12/15/2014,1193.23
12/16/2014,1197.01
12/17/2014,1189.71
12/18/2014,1198.57
12/19/2014,1195.74
12/22/2014,1176.44
12/23/2014,1176.57
12/24/2014,1173.8
12/25/2014,1173.8
12/26/2014,1196
12/29/2014,1183.29
12/30/2014,1200.55
12/31/2014,1184.37
1/1/2015,1181.98
1/2/2015,1188.39
1/5/2015,1204.86
1/6/2015,1218.58
1/7/2015,1211.41
1/8/2015,1208.79
1/9/2015,1223.25
1/12/2015,1233.31
1/13/2015,1230.64
1/14/2015,1228.72
1/15/2015,1262.75
1/16/2015,1280.45
1/19/2015,1275.65
1/20/2015,1295.32
1/21/2015,1293.09
1/22/2015,1302.25
1/23/2015,1294.08
1/26/2015,1281.4
1/27/2015,1292.34
1/28/2015,1284.49
1/29/2015,1257.27
1/30/2015,1283.79
2/2/2015,1274.41
2/3/2015,1260.52
2/4/2015,1269.35
2/5/2015,1264.82
2/6/2015,1234.04
2/9/2015,1239.03
2/10/2015,1233.55
2/11/2015,1218.83
2/12/2015,1221.98
2/13/2015,1229.76
2/16/2015,1232.55
2/17/2015,1209.89
2/18/2015,1212.42
2/19/2015,1206.84
2/20/2015,1201.94
2/23/2015,1201.83
2/24/2015,1200.53
2/25/2015,1205
2/26/2015,1209.49
2/27/2015,1213.18
3/2/2015,1206.83
3/3/2015,1203.74
3/4/2015,1200.34
3/5/2015,1198.4
3/6/2015,1167.29
3/9/2015,1167.21
3/10/2015,1161.84
3/11/2015,1155.31
3/12/2015,1153.73
3/13/2015,1158.48
3/16/2015,1154.81
3/17/2015,1149.57
3/18/2015,1167.61
3/19/2015,1171.18
3/20/2015,1182.54
3/23/2015,1189.54
3/24/2015,1193.28
3/25/2015,1195.47
3/26/2015,1204.81
3/27/2015,1198.55
3/30/2015,1186.07
3/31/2015,1183.57
4/1/2015,1203.98
4/2/2015,1202.61
4/3/2015,1206.91
4/6/2015,1214.84
4/7/2015,1209.22
4/8/2015,1202.57
4/9/2015,1194.81
4/10/2015,1207.59
4/13/2015,1198.88
4/14/2015,1192.78
4/15/2015,1202.58
4/16/2015,1198.55
4/17/2015,1204.22
4/20/2015,1195.89
4/21/2015,1202.41
4/22/2015,1187.13
4/23/2015,1193.97
4/24/2015,1179
4/27/2015,1202.15
4/28/2015,1212.17
4/29/2015,1204.71
4/30/2015,1184.37
5/1/2015,1178.46
5/4/2015,1188.33
5/5/2015,1193.34
5/6/2015,1192.24
5/7/2015,1184.51
5/8/2015,1188.39
5/11/2015,1183.97
5/12/2015,1193.94
5/13/2015,1215.75
5/14/2015,1221.14
5/15/2015,1224.8
5/18/2015,1225.51
5/19/2015,1207.86
5/20/2015,1209.8
5/21/2015,1204.86
5/22/2015,1206.21
5/25/2015,1206.6
5/26/2015,1187.3
5/27/2015,1188.09
5/28/2015,1188.4
5/29/2015,1190.58
6/1/2015,1189.2
6/2/2015,1193.01
6/3/2015,1185.17
6/4/2015,1176.89
6/5/2015,1171.94
6/8/2015,1174.07
6/9/2015,1176.8
6/10/2015,1186.06
6/11/2015,1182.01
6/12/2015,1181.63
6/15/2015,1186.43
6/16/2015,1182.07
6/17/2015,1185.55
6/18/2015,1201.94
6/19/2015,1200.27
6/22/2015,1185.98
6/23/2015,1178.63
6/24/2015,1175.4
6/25/2015,1173.17
6/26/2015,1175.52
6/29/2015,1179.83
6/30/2015,1172.35
7/1/2015,1168.79
7/2/2015,1166.26
7/3/2015,1169.1
7/6/2015,1170.33
7/7/2015,1155.26
7/8/2015,1158.33
7/9/2015,1159.43
7/10/2015,1163.74
7/13/2015,1157.98
7/14/2015,1156.06
7/15/2015,1149.45
7/16/2015,1145.39
7/17/2015,1134.14
7/20/2015,1096.5
7/21/2015,1101.25
7/22/2015,1094.24
7/23/2015,1090.7
7/24/2015,1099.11
7/27/2015,1093.98
7/28/2015,1095.48
7/29/2015,1096.85
7/30/2015,1088.76
7/31/2015,1095.8
8/3/2015,1086.79
8/4/2015,1087.7
8/5/2015,1085.03
8/6/2015,1089.55
8/7/2015,1094.15
8/10/2015,1104.51
8/11/2015,1108.95
8/12/2015,1124.47
8/13/2015,1115.1
8/14/2015,1115.07
8/17/2015,1117.7
8/18/2015,1117.71
8/19/2015,1133.88
8/20/2015,1152.2
8/21/2015,1160.77
8/24/2015,1155.11
8/25/2015,1140.49
8/26/2015,1125.26
8/27/2015,1125
8/28/2015,1133.6
8/31/2015,1134.93
9/1/2015,1140.27
9/2/2015,1134.05
9/3/2015,1125.46
9/4/2015,1121.85
9/7/2015,1119.35
9/8/2015,1121.55
9/9/2015,1107.85
9/10/2015,1110.75
9/11/2015,1107.95
9/14/2015,1109.1
9/15/2015,1105.35
9/16/2015,1119.52
9/17/2015,1131.51
9/18/2015,1139.23
9/21/2015,1133.44
9/22/2015,1124.76
9/23/2015,1130.3
9/24/2015,1153.95
9/25/2015,1146.2
9/28/2015,1131.95
9/29/2015,1127.43
9/30/2015,1115.09
10/1/2015,1113.61
10/2/2015,1138.6
10/5/2015,1135.75
10/6/2015,1147.24
10/7/2015,1145.54
10/8/2015,1139.01
10/9/2015,1156.53
10/12/2015,1163.85
10/13/2015,1168.84
10/14/2015,1184.13
10/15/2015,1183.1
10/16/2015,1177.3
10/19/2015,1170.79
10/20/2015,1176.04
10/21/2015,1167.18
10/22/2015,1166.05
10/23/2015,1164.45
10/26/2015,1163.04
10/27/2015,1166.88
10/28/2015,1156.1
10/29/2015,1145.97
10/30/2015,1142.11
11/2/2015,1133.84
11/3/2015,1117.79
11/4/2015,1107.9
11/5/2015,1103.92
11/6/2015,1089.8
11/9/2015,1092.31
11/10/2015,1089.67
11/11/2015,1086.26
11/12/2015,1085.2
11/13/2015,1083.91
11/16/2015,1082.76
11/17/2015,1070.3
11/18/2015,1070.73
11/19/2015,1082.21
11/20/2015,1078.01
11/23/2015,1069.18
11/24/2015,1075.65
11/25/2015,1071.12
11/26/2015,1072.33
11/27/2015,1057.45
11/30/2015,1064.77
12/1/2015,1069.29
12/2/2015,1053.7
12/3/2015,1062.11
12/4/2015,1086.44
12/7/2015,1071.34
12/8/2015,1074.96
12/9/2015,1072.78
12/10/2015,1071.58
12/11/2015,1074.77
12/14/2015,1059.86
12/15/2015,1061.22
12/16/2015,1072.32
12/17/2015,1051.1
12/18/2015,1066.25
12/21/2015,1078.4
12/22/2015,1072.43
12/23/2015,1070.5
12/24/2015,1076.1
12/28/2015,1069.08
12/29/2015,1069.11
12/30/2015,1061.44
12/31/2015,1061.1
1/4/2016,1074.61
1/5/2016,1077.68
1/6/2016,1093.67
1/7/2016,1108.97
1/8/2016,1104.15
1/11/2016,1094.2
1/12/2016,1086.56
1/13/2016,1093.59
1/14/2016,1078.38
1/15/2016,1088.88
1/18/2016,1089.68
1/19/2016,1087.41
1/20/2016,1100.92
1/21/2016,1101.2
1/22/2016,1097.95
1/25/2016,1107.9
1/26/2016,1119.91
1/27/2016,1124.97
1/28/2016,1115.33
1/29/2016,1118.21
2/1/2016,1128.41
2/2/2016,1129.01
2/3/2016,1142.63
2/4/2016,1155.59
2/5/2016,1173.4
2/8/2016,1189.23
2/9/2016,1189.13
2/10/2016,1197.12
2/11/2016,1246.7
2/12/2016,1237.97
2/15/2016,1209.3
2/16/2016,1200.44
2/17/2016,1208.5
2/18/2016,1230.87
2/19/2016,1226.8
2/22/2016,1208.63
2/23/2016,1226.85
2/24/2016,1228.75
2/25/2016,1232.91
2/26/2016,1223.46
2/29/2016,1238.67
3/1/2016,1232.15
3/2/2016,1239.98
3/3/2016,1264.25
3/4/2016,1258.95
3/7/2016,1267.33
3/8/2016,1261.44
3/9/2016,1253.23
3/10/2016,1272.25
3/11/2016,1249.45
3/14/2016,1235.27
3/15/2016,1232.38
3/16/2016,1262.57
3/17/2016,1257.97
3/18/2016,1255.4
3/21/2016,1243.75
3/22/2016,1248.32
3/23/2016,1220.11
3/24/2016,1216.82
3/25/2016,1217.05
3/28/2016,1221.71
3/29/2016,1242.2
3/30/2016,1225.02
3/31/2016,1232.75
4/1/2016,1222.6
4/4/2016,1215.43
4/5/2016,1231.35
4/6/2016,1222.47
4/7/2016,1240.45
4/8/2016,1240.69
4/11/2016,1257.88
4/12/2016,1255.63
4/13/2016,1242.47
4/14/2016,1227.89
4/15/2016,1233.99
4/18/2016,1232.49
4/19/2016,1250.19
4/20/2016,1244.25
4/21/2016,1248.05
4/22/2016,1233.03
4/25/2016,1237.97
4/26/2016,1243.4
4/27/2016,1245.83
4/28/2016,1266.26
4/29/2016,1293.53
5/2/2016,1291.55
5/3/2016,1286.5
5/4/2016,1279.68
5/5/2016,1277.74
5/6/2016,1288.99
5/9/2016,1263.88
5/10/2016,1265.84
5/11/2016,1277.21
5/12/2016,1263.68
5/13/2016,1273.45
5/16/2016,1274.16
5/17/2016,1278.95
5/18/2016,1258.5
5/19/2016,1254.75
5/20/2016,1251.98
5/23/2016,1249.13
5/24/2016,1227.21
5/25/2016,1224.41
5/26/2016,1219.8
5/27/2016,1212.38
5/30/2016,1204.95
5/31/2016,1215.32
6/1/2016,1212.98
6/2/2016,1211
6/3/2016,1244.2
6/6/2016,1245.34
6/7/2016,1243.81
6/8/2016,1262.8
6/9/2016,1269.8
6/10/2016,1274.24
6/13/2016,1283.86
6/14/2016,1285.72
6/15/2016,1291.75
6/16/2016,1278.43
6/17/2016,1298.65
6/20/2016,1289.9
6/21/2016,1268.12
6/22/2016,1266.22
6/23/2016,1256.84
6/24/2016,1315.75
6/27/2016,1324.6
6/28/2016,1311.79
6/29/2016,1319.15
6/30/2016,1321.9
7/1/2016,1341.35
7/4/2016,1350.79
7/5/2016,1356.45
7/6/2016,1363.78
7/7/2016,1360.45
7/8/2016,1366.33
7/11/2016,1355.4
7/12/2016,1333.1
7/13/2016,1342.64
7/14/2016,1335.23
7/15/2016,1337.45
7/18/2016,1328.85
7/19/2016,1332.01
7/20/2016,1316.06
7/21/2016,1331.43
7/22/2016,1322.73
7/25/2016,1315.6
7/26/2016,1320.26
7/27/2016,1340.08
7/28/2016,1335.75
7/29/2016,1351.28
8/1/2016,1353.15
8/2/2016,1363.57
8/3/2016,1358.18
8/4/2016,1361.15
8/5/2016,1336
8/8/2016,1335.31
8/9/2016,1340.73
8/10/2016,1346.61
8/11/2016,1338.78
8/12/2016,1335.97
8/15/2016,1339.4
8/16/2016,1346.24
8/17/2016,1348.73
8/18/2016,1352.36
8/19/2016,1341.47
8/22/2016,1339.09
8/23/2016,1337.56
8/24/2016,1324.13
8/25/2016,1321.97
8/26/2016,1321.18
8/29/2016,1323.38
8/30/2016,1311.11
8/31/2016,1308.97
9/1/2016,1313.89
9/2/2016,1325.21
9/5/2016,1327.08
9/6/2016,1350
9/7/2016,1345.18
9/8/2016,1338.3
9/9/2016,1327.83
9/12/2016,1327.82
9/13/2016,1319.05
9/14/2016,1322.94
9/15/2016,1314.75
9/16/2016,1310.35
9/19/2016,1313.19
9/20/2016,1314.84
9/21/2016,1335.17
9/22/2016,1337.07
9/23/2016,1337.56
9/26/2016,1337.95
9/27/2016,1327.32
9/28/2016,1321.54
9/29/2016,1320.37
9/30/2016,1315.87
10/3/2016,1311.6
10/4/2016,1268.44
10/5/2016,1266.85
10/6/2016,1254.38
10/7/2016,1257.08
10/10/2016,1259.65
10/11/2016,1252.8
10/12/2016,1255.25
10/13/2016,1258.09
10/14/2016,1251.03
10/17/2016,1255.85
10/18/2016,1262.5
10/19/2016,1269.23
10/20/2016,1265.76
10/21/2016,1266.46
10/24/2016,1264.44
10/25/2016,1273.87
10/26/2016,1267.1
10/27/2016,1268.4
10/28/2016,1275.47
10/31/2016,1277.21
11/1/2016,1288.2
11/2/2016,1296.81
11/3/2016,1302.7
11/4/2016,1305.06
11/7/2016,1281.64
11/8/2016,1275.68
11/9/2016,1277.98
11/10/2016,1259.2
11/11/2016,1227.64
11/14/2016,1221.35
11/15/2016,1228.73
11/16/2016,1224.99
11/17/2016,1216.42
11/18/2016,1207.89
11/21/2016,1214.23
11/22/2016,1212.32
11/23/2016,1188.32
11/24/2016,1181.67
11/25/2016,1183.56
11/28/2016,1194
11/29/2016,1188.31
11/30/2016,1173.2
12/1/2016,1171.69
12/2/2016,1177.43
12/5/2016,1170.38
12/6/2016,1169.85
12/7/2016,1173.98
12/8/2016,1170.78
12/9/2016,1159.86
12/12/2016,1162.22
12/13/2016,1158.54
12/14/2016,1142.95
12/15/2016,1128.5
12/16/2016,1134.88
12/19/2016,1138.21
12/20/2016,1132.35
12/21/2016,1131.61
12/22/2016,1128.38
12/23/2016,1133.3
12/27/2016,1138.78
12/28/2016,1141.67
12/29/2016,1158.19
12/30/2016,1147.5
1/3/2017,1158.84
1/4/2017,1163.65
1/5/2017,1180.12
1/6/2017,1172.63
1/9/2017,1181.1
1/10/2017,1187.88
1/11/2017,1191.62
1/12/2017,1195.43
1/13/2017,1197.34
1/16/2017,1202.73
1/17/2017,1217.07
1/18/2017,1204.3
1/19/2017,1204.85
1/20/2017,1210.32
1/23/2017,1218.23
1/24/2017,1208.94
1/25/2017,1200.69
1/26/2017,1188.5
1/27/2017,1191.2
1/30/2017,1195.7
1/31/2017,1210.72
2/1/2017,1209.84
2/2/2017,1215.96
2/3/2017,1220.3
2/6/2017,1235.53
2/7/2017,1233.85
2/8/2017,1241.53
2/9/2017,1228.36
2/10/2017,1233.62
2/13/2017,1225.26
2/14/2017,1228.13
2/15/2017,1233.7
2/16/2017,1239.04
2/17/2017,1234.6
2/20/2017,1238.47
2/21/2017,1235.74
2/22/2017,1237.44
2/23/2017,1249.56
2/24/2017,1257.19
2/27/2017,1252.73
2/28/2017,1248.44
3/1/2017,1249.69
3/2/2017,1234.25
3/3/2017,1234.81
3/6/2017,1225.29
3/7/2017,1215.86
3/8/2017,1208.31
3/9/2017,1201.24
3/10/2017,1204.64
3/13/2017,1204.3
3/14/2017,1199.12
3/15/2017,1219.88
3/16/2017,1226.61
3/17/2017,1229.26
3/20/2017,1234.24
3/21/2017,1244.81
3/22/2017,1248.84
3/23/2017,1245.2
3/24/2017,1243.57
3/27/2017,1254.86
3/28/2017,1251.82
3/29/2017,1253.45
3/30/2017,1242.64
3/31/2017,1249.2
4/3/2017,1253.5
4/4/2017,1256.28
4/5/2017,1255.76
4/6/2017,1251.7
4/7/2017,1254.53
4/10/2017,1254.68
4/11/2017,1274.86
4/12/2017,1286.78
4/13/2017,1287.92
4/14/2017,1285.69
4/17/2017,1284.71
4/18/2017,1289.76
4/19/2017,1280.21
4/20/2017,1281.9
4/21/2017,1284.44
4/24/2017,1276.31
4/25/2017,1264.13
4/26/2017,1269.22
4/27/2017,1264.3
4/28/2017,1268.28
5/1/2017,1256.58
5/2/2017,1256.76
5/3/2017,1238.17
5/4/2017,1228.16
5/5/2017,1228.01
5/8/2017,1226.23
5/9/2017,1221.23
5/10/2017,1219.1
5/11/2017,1225.04
5/12/2017,1228.43
5/15/2017,1230.82
5/16/2017,1237.24
5/17/2017,1261.36
5/18/2017,1247.07
5/19/2017,1255.93
5/22/2017,1260.63
5/23/2017,1251.22
5/24/2017,1258.73
5/25/2017,1255.67
5/26/2017,1266.76
5/29/2017,1268.1
5/30/2017,1263.09
5/31/2017,1268.92
6/1/2017,1265.96
6/2/2017,1279.17
6/5/2017,1279.8
6/6/2017,1294.39
6/7/2017,1287.15
6/8/2017,1278.01
6/9/2017,1266.76
6/12/2017,1266.18
6/13/2017,1266.55
6/14/2017,1260.86
6/15/2017,1253.98
6/16/2017,1253.73
6/19/2017,1243.84
6/20/2017,1243.01
6/21/2017,1246.48
6/22/2017,1250.51
6/23/2017,1256.71
6/26/2017,1244.72
6/27/2017,1247.17
6/28/2017,1249.27
6/29/2017,1245.51
6/30/2017,1241.61
7/3/2017,1220.2
7/4/2017,1223.42
7/5/2017,1227.04
7/6/2017,1225.22
7/7/2017,1212.46
7/10/2017,1214.36
7/11/2017,1217.72
7/12/2017,1220.51
7/13/2017,1217.58
7/14/2017,1228.7
7/17/2017,1234.11
7/18/2017,1242.47
7/19/2017,1241.25
7/20/2017,1244.49
7/21/2017,1254.98
7/24/2017,1255.3
7/25/2017,1250.06
7/26/2017,1260.53
7/27/2017,1259.15
7/28/2017,1269.64
7/31/2017,1269.44
8/1/2017,1268.76
8/2/2017,1266.65
8/3/2017,1268.6
8/4/2017,1258.88
8/7/2017,1257.85
8/8/2017,1260.96
8/9/2017,1277.3
8/10/2017,1286.53
8/11/2017,1289.31
8/14/2017,1282.15
8/15/2017,1271.53
8/16/2017,1283.11
8/17/2017,1288.15
8/18/2017,1284.13
8/21/2017,1291.88
8/22/2017,1285.08
8/23/2017,1290.96
8/24/2017,1286.4
8/25/2017,1291.35
8/28/2017,1310.13
8/29/2017,1309.23
8/30/2017,1308.6
8/31/2017,1321.43
9/1/2017,1325.23
9/4/2017,1333.87
9/5/2017,1339.71
9/6/2017,1334.22
9/7/2017,1349.22
9/8/2017,1346.59
9/11/2017,1327.54
9/12/2017,1331.81
9/13/2017,1322.37
9/14/2017,1329.74
9/15/2017,1320.18
9/18/2017,1307.44
9/19/2017,1311.15
9/20/2017,1301.1
9/21/2017,1291.2
9/22/2017,1297.3
9/25/2017,1310.78
9/26/2017,1293.98
9/27/2017,1282.78
9/28/2017,1287.3
9/29/2017,1279.75
10/2/2017,1271.13
10/3/2017,1271.66
10/4/2017,1274.85
10/5/2017,1268.22
10/6/2017,1276.68
10/9/2017,1284.05
10/10/2017,1288.03
10/11/2017,1291.72
10/12/2017,1293.72
10/13/2017,1303.82
10/16/2017,1295.79
10/17/2017,1285.12
10/18/2017,1281.08
10/19/2017,1290.13
10/20/2017,1280.47
10/23/2017,1282.27
10/24/2017,1276.58
10/25/2017,1277.53
10/26/2017,1266.99
10/27/2017,1273.35
10/30/2017,1276.29
10/31/2017,1271.45
11/1/2017,1274.66
11/2/2017,1276.13
11/3/2017,1269.91
11/6/2017,1281.95
11/7/2017,1275.3
11/8/2017,1281.36
11/9/2017,1285.07
11/10/2017,1275.07
11/13/2017,1278.31
11/14/2017,1280.25
11/15/2017,1278.14
11/16/2017,1278.58
11/17/2017,1292.42
11/20/2017,1276.92
11/21/2017,1280.61
11/22/2017,1292.12
11/23/2017,1291.47
11/24/2017,1288.37
11/27/2017,1294.52
11/28/2017,1293.98
11/29/2017,1283.64
11/30/2017,1275.01
12/1/2017,1280.62
12/4/2017,1276.18
12/5/2017,1265.77
12/6/2017,1263.37
12/7/2017,1247.22
12/8/2017,1248.49
12/11/2017,1242.02
12/12/2017,1244.49
12/13/2017,1255.5
12/14/2017,1252.96
12/15/2017,1256.44
12/18/2017,1262.26
12/19/2017,1261.7
12/20/2017,1265.57
12/21/2017,1266.6
12/22/2017,1274.16
12/26/2017,1283.1
12/27/2017,1287.18
12/28/2017,1295.04
12/29/2017,1302.8
1/2/2018,1317.56
1/3/2018,1313.21
1/4/2018,1323.01
1/5/2018,1319.59
1/8/2018,1320.4
1/9/2018,1312.85
1/10/2018,1316.89
1/11/2018,1322.44
1/12/2018,1337.64
1/15/2018,1339.99
1/16/2018,1338.41
1/17/2018,1326.84
1/18/2018,1327.03
1/19/2018,1331.84
1/22/2018,1333.92
1/23/2018,1341.21
1/24/2018,1358.46
1/25/2018,1348.26
1/26/2018,1349.12
1/29/2018,1340.33
1/30/2018,1338.59
1/31/2018,1345.14
2/1/2018,1348.79
2/2/2018,1333.39
2/5/2018,1339.67
2/6/2018,1324.16
2/7/2018,1318.39
2/8/2018,1318.76
2/9/2018,1316.65
2/12/2018,1322.7
2/13/2018,1329.55
2/14/2018,1350.73
2/15/2018,1353.67
2/16/2018,1346.96
2/19/2018,1346.46
2/20/2018,1329.19
2/21/2018,1324.63
2/22/2018,1332.05
2/23/2018,1328.71
2/26/2018,1333.68
2/27/2018,1318.36
2/28/2018,1318.31
3/1/2018,1317.03
3/2/2018,1322.75
3/5/2018,1320.11
3/6/2018,1334.56
3/7/2018,1325.57
3/8/2018,1321.99
3/9/2018,1323.93
3/12/2018,1323.1
3/13/2018,1326.51
3/14/2018,1324.85
3/15/2018,1316.1
3/16/2018,1314.24
3/19/2018,1316.85
3/20/2018,1311.31
3/21/2018,1332.24
3/22/2018,1329.03
3/23/2018,1347.33
3/26/2018,1353.5
3/27/2018,1345.05
3/28/2018,1325.01
3/29/2018,1325.5
3/30/2018,1325.48
4/2/2018,1341.29
4/3/2018,1332.74
4/4/2018,1333.19
4/5/2018,1326.57
4/6/2018,1333.03
4/9/2018,1336.35
4/10/2018,1339.64
4/11/2018,1353.38
4/12/2018,1334.94
4/13/2018,1346.2
4/16/2018,1345.93
4/17/2018,1347.52
4/18/2018,1349.41
4/19/2018,1345.53
4/20/2018,1336.36
4/23/2018,1324.83
4/24/2018,1330.35
4/25/2018,1323.13
4/26/2018,1316.8
4/27/2018,1324
4/30/2018,1315.39
5/1/2018,1303.85
5/2/2018,1304.96
5/3/2018,1312.06
5/4/2018,1314.5
5/7/2018,1314.21
5/8/2018,1314.63
5/9/2018,1312.72
5/10/2018,1321.6
5/11/2018,1319.3
5/14/2018,1313.5
5/15/2018,1290.53
5/16/2018,1290.73
5/17/2018,1290.79
5/18/2018,1293.04
5/21/2018,1292.6
5/22/2018,1291.14
5/23/2018,1293.41
5/24/2018,1304.63
5/25/2018,1302.25
5/28/2018,1299.04
5/29/2018,1298.77
5/30/2018,1301.38
5/31/2018,1298.51
6/1/2018,1293.4
6/4/2018,1292.02
6/5/2018,1296.4
6/6/2018,1296.4
6/7/2018,1297.18
6/8/2018,1298.17
6/11/2018,1300.49
6/12/2018,1295.97
6/13/2018,1299.31
6/14/2018,1302.25
6/15/2018,1278.94
6/18/2018,1278.32
6/19/2018,1274.66
6/20/2018,1267.86
6/21/2018,1267.19
6/22/2018,1270.56
6/25/2018,1265.64
6/26/2018,1259.04
6/27/2018,1252.35
6/28/2018,1248.25
6/29/2018,1252.6
7/2/2018,1242.04
7/3/2018,1252.73
7/4/2018,1254.99
7/5/2018,1257.91
7/6/2018,1255.48
7/9/2018,1257.68
7/10/2018,1255.54
7/11/2018,1241.96
7/12/2018,1247.39
7/13/2018,1244.32
7/16/2018,1240.93
7/17/2018,1227.54
7/18/2018,1227.51
7/19/2018,1222.97
7/20/2018,1229.53
7/23/2018,1224.5
7/24/2018,1224.52
7/25/2018,1231.63
7/26/2018,1222.69
7/27/2018,1224.22
7/30/2018,1221.45
7/31/2018,1224.15
8/1/2018,1215.96
8/2/2018,1207.83
8/3/2018,1214.9
8/6/2018,1207.64
8/7/2018,1210.97
8/8/2018,1213.88
8/9/2018,1212.47
8/10/2018,1210.57
8/13/2018,1193.5
8/14/2018,1194.09
8/15/2018,1174.85
8/16/2018,1174.16
8/17/2018,1184.25
8/20/2018,1190.48
8/21/2018,1195.99
8/22/2018,1195.8
8/23/2018,1185.56
8/24/2018,1205.35
8/27/2018,1211.38
8/28/2018,1201
8/29/2018,1206.6
8/30/2018,1199.98
8/31/2018,1201.15
9/3/2018,1201.27
9/4/2018,1191.52
9/5/2018,1196.73
9/6/2018,1199.98
9/7/2018,1196.93
9/10/2018,1195.88
9/11/2018,1198.59
9/12/2018,1206.24
9/13/2018,1201.47
9/14/2018,1194.85
9/17/2018,1201.46
9/18/2018,1198.36
9/19/2018,1204.04
9/20/2018,1207.18
9/21/2018,1200.04
9/24/2018,1199.03
9/25/2018,1201.22
9/26/2018,1194.44
9/27/2018,1182.83
9/28/2018,1190.88
10/1/2018,1188.99
10/2/2018,1203.32
10/3/2018,1197.35
10/4/2018,1199.92
10/5/2018,1203.63
10/8/2018,1188.08
10/9/2018,1189.77
10/10/2018,1194.79
10/11/2018,1224.09
10/12/2018,1217.05
10/15/2018,1227.06
10/16/2018,1224.95
10/17/2018,1222.29
10/18/2018,1225.81
10/19/2018,1226.49
10/22/2018,1222.1
10/23/2018,1230.3
10/24/2018,1233.79
10/25/2018,1232.17
10/26/2018,1233.53
10/29/2018,1229.42
10/30/2018,1222.93
10/31/2018,1214.76
11/1/2018,1233.43
11/2/2018,1232.89
11/5/2018,1231.49
11/6/2018,1227.19
11/7/2018,1226.49
11/8/2018,1224
11/9/2018,1209.65
11/12/2018,1200.37
11/13/2018,1202.23
11/14/2018,1210.88
11/15/2018,1213.36
11/16/2018,1223.36
11/19/2018,1224.17
11/20/2018,1221.66
11/21/2018,1226.04
11/22/2018,1228.64
11/23/2018,1223.05
11/26/2018,1222.4
11/27/2018,1215.05
11/28/2018,1221.23
11/29/2018,1224.21
11/30/2018,1220.52
12/3/2018,1230.67
12/4/2018,1238.54
12/5/2018,1237.29
12/6/2018,1237.78
12/7/2018,1249.31
12/10/2018,1244.46
12/11/2018,1243.25
12/12/2018,1245.66
12/13/2018,1241.99
12/14/2018,1239.02
12/17/2018,1245.85
12/18/2018,1249.42
12/19/2018,1243.08
12/20/2018,1259.86
12/21/2018,1256.94
12/24/2018,1269.22
12/25/2018,1268.54
12/26/2018,1267.14
12/27/2018,1275.71
12/28/2018,1280.71
12/31/2018,1282.49
1/1/2019,1282.6
1/2/2019,1284.59
1/3/2019,1294.28
1/4/2019,1286.05
1/7/2019,1289.21
1/8/2019,1285.39
1/9/2019,1293.56
1/10/2019,1286.65
1/11/2019,1290.25
1/14/2019,1291.72
1/15/2019,1289.51
1/16/2019,1293.67
1/17/2019,1292.05
1/18/2019,1282.11
1/21/2019,1280.47
1/22/2019,1285.22
1/23/2019,1282.72
1/24/2019,1281.21
1/25/2019,1305.25
1/28/2019,1303.36
1/29/2019,1311.79
1/30/2019,1319.91
1/31/2019,1321.25
2/1/2019,1317.98
2/4/2019,1312.25
2/5/2019,1315.32
2/6/2019,1306.6
2/7/2019,1310.11
2/8/2019,1314.29
2/11/2019,1308.12
2/12/2019,1310.8
2/13/2019,1306.27
2/14/2019,1312.57
2/15/2019,1322.49
2/18/2019,1326.89
2/19/2019,1340.94
2/20/2019,1338.44
2/21/2019,1323.63
2/22/2019,1329.4
2/25/2019,1327.58
2/26/2019,1328.96
2/27/2019,1319.86
2/28/2019,1313.32
3/1/2019,1293.44
3/4/2019,1286.74
3/5/2019,1288.01
3/6/2019,1286.36
3/7/2019,1285.61
3/8/2019,1298.3
3/11/2019,1293.35
3/12/2019,1301.58
3/13/2019,1309.12
3/14/2019,1296.17
3/15/2019,1302.4
3/18/2019,1303.71
3/19/2019,1306.56
3/20/2019,1312.53
3/21/2019,1309.36
3/22/2019,1313.68
3/25/2019,1321.9
3/26/2019,1315.71
3/27/2019,1309.55
3/28/2019,1290.42
3/29/2019,1292.38
4/1/2019,1287.72
4/2/2019,1292.46
4/3/2019,1289.93
4/4/2019,1292.21
4/5/2019,1291.76
4/8/2019,1297.48
4/9/2019,1304.1
4/10/2019,1307.99
4/11/2019,1292.52
4/12/2019,1290.43
4/15/2019,1287.95
4/16/2019,1276.79
4/17/2019,1273.98
4/18/2019,1275.82
4/19/2019,1275.52
4/22/2019,1274.99
4/23/2019,1272.42
4/24/2019,1275.76
4/25/2019,1277.17
4/26/2019,1286.16
4/29/2019,1279.9
4/30/2019,1283.53
5/1/2019,1276.76
5/2/2019,1270.69
5/3/2019,1279.11
5/6/2019,1281.1
5/7/2019,1284.43
5/8/2019,1280.88
5/9/2019,1284.08
5/10/2019,1286.05
5/13/2019,1299.91
5/14/2019,1296.92
5/15/2019,1296.49
5/16/2019,1286.72
5/17/2019,1277.53
5/20/2019,1277.82
5/21/2019,1274.68
5/22/2019,1273.34
5/23/2019,1283.45
5/24/2019,1284.93
5/27/2019,1285.36
5/28/2019,1279.33
5/29/2019,1279.78
5/30/2019,1288.65
5/31/2019,1305.58
6/3/2019,1325.31
6/4/2019,1325.52
6/5/2019,1330.32
6/6/2019,1335.33
6/7/2019,1340.86
6/10/2019,1327.98
6/11/2019,1326.84
6/12/2019,1333.58
6/13/2019,1342.31
6/14/2019,1341.7
6/17/2019,1339.66
6/18/2019,1346.61
6/19/2019,1360.38
6/20/2019,1388.44
6/21/2019,1399.63
6/24/2019,1419.72
6/25/2019,1423.44
6/26/2019,1409
6/27/2019,1409.78
6/28/2019,1409.55
7/1/2019,1384.19
7/2/2019,1418.65
7/3/2019,1418.78
7/4/2019,1416.08
7/5/2019,1399.45
7/8/2019,1395.53
7/9/2019,1397.61
7/10/2019,1419.02
7/11/2019,1403.81
7/12/2019,1415.75
7/15/2019,1414.13
7/16/2019,1406.23
7/17/2019,1426.57
7/18/2019,1446.1
7/19/2019,1425.37
7/22/2019,1424.88
7/23/2019,1417.83
7/24/2019,1425.86
7/25/2019,1414.58
7/26/2019,1418.9
7/29/2019,1426.8
7/30/2019,1430.88
7/31/2019,1413.78
8/1/2019,1445.18
8/2/2019,1440.83
8/5/2019,1463.7
8/6/2019,1474.42
8/7/2019,1501.16
8/8/2019,1500.95
8/9/2019,1496.95
8/12/2019,1511.16
8/13/2019,1501.51
8/14/2019,1516.36
8/15/2019,1523.29
8/16/2019,1513.52
8/19/2019,1495.92
8/20/2019,1507.2
8/21/2019,1502.65
8/22/2019,1498.06
8/23/2019,1526.96
8/26/2019,1527.31
8/27/2019,1542.81
8/28/2019,1539.01
8/29/2019,1527.63
8/30/2019,1520.38
9/2/2019,1529.29
9/3/2019,1547.1
9/4/2019,1552.55
9/5/2019,1519.05
9/6/2019,1506.82
9/9/2019,1499.13
9/10/2019,1485.78
9/11/2019,1497.2
9/12/2019,1499.26
9/13/2019,1488.53
9/16/2019,1498.43
9/17/2019,1501.38
9/18/2019,1494
9/19/2019,1499.03
9/20/2019,1516.9
9/23/2019,1522.24
9/24/2019,1531.87
9/25/2019,1504.05
9/26/2019,1504.78
9/27/2019,1497.01
9/30/2019,1472.49
10/1/2019,1479.14
10/2/2019,1499.45
10/3/2019,1505.19
10/4/2019,1504.66
10/7/2019,1493.5
10/8/2019,1505.51
10/9/2019,1505.57
10/10/2019,1493.99
10/11/2019,1489.01
10/14/2019,1493.21
10/15/2019,1481.01
10/16/2019,1490.13
10/17/2019,1491.87
10/18/2019,1490.05
10/21/2019,1484.5
10/22/2019,1487.68
10/23/2019,1492.12
10/24/2019,1503.98
10/25/2019,1504.63
10/28/2019,1492.51
10/29/2019,1487.72
10/30/2019,1495.66
10/31/2019,1512.99
11/1/2019,1514.34
11/4/2019,1509.82
11/5/2019,1483.61
11/6/2019,1490.57
11/7/2019,1468.48
11/8/2019,1459
11/11/2019,1455.86
11/12/2019,1456.32
11/13/2019,1463.58
11/14/2019,1471.4
11/15/2019,1468.21
11/18/2019,1471.51
11/19/2019,1472.46
11/20/2019,1471.61
11/21/2019,1464.41
11/22/2019,1461.93
11/25/2019,1455.26
11/26/2019,1461.39
11/27/2019,1454.44
11/28/2019,1456.27
11/29/2019,1463.98
12/2/2019,1462.44
12/3/2019,1477.61
12/4/2019,1474.59
12/5/2019,1476
12/6/2019,1460.17
12/9/2019,1461.68
12/10/2019,1464.39
12/11/2019,1474.88
12/12/2019,1469.8
12/13/2019,1476.33
12/16/2019,1476.18
12/17/2019,1476.22
12/18/2019,1475.4
12/19/2019,1478.8
12/20/2019,1478.22
12/23/2019,1485.79
12/24/2019,1499.41
12/25/2019,1499.84
12/26/2019,1511.53
12/27/2019,1510.56
12/30/2019,1515.16
12/31/2019,1517.27
1/1/2020,1517.29
1/2/2020,1529.13
1/3/2020,1552.2
1/6/2020,1565.74
1/7/2020,1574.37
1/8/2020,1556.42
1/9/2020,1552.32
1/10/2020,1562.34
1/13/2020,1547.88
1/14/2020,1546.39
1/15/2020,1556.25
1/16/2020,1552.51
1/17/2020,1557.24
1/20/2020,1560.77
1/21/2020,1558.17
1/22/2020,1558.78
1/23/2020,1562.94
1/24/2020,1571.53
1/27/2020,1582.06
1/28/2020,1567.17
1/29/2020,1576.83
1/30/2020,1574.28
1/31/2020,1589.16
2/3/2020,1576.73
2/4/2020,1552.92
2/5/2020,1556.02
2/6/2020,1566.66
2/7/2020,1570.44
2/10/2020,1572.15
2/11/2020,1567.89
2/12/2020,1566.06
2/13/2020,1576
2/14/2020,1584.06
2/17/2020,1581.13
2/18/2020,1601.61
2/19/2020,1611.7
2/20/2020,1619.56
2/21/2020,1643.41
2/24/2020,1659.38
2/25/2020,1635.14
2/26/2020,1640.96
2/27/2020,1645.01
2/28/2020,1585.69
3/2/2020,1589.44
3/3/2020,1640.9
3/4/2020,1636.93
3/5/2020,1672.23
3/6/2020,1673.83
3/9/2020,1680.47
3/10/2020,1649.4
3/11/2020,1635.04
3/12/2020,1576.15
3/13/2020,1529.83
3/16/2020,1514.1
3/17/2020,1528.3
3/18/2020,1486.05
3/19/2020,1471.24
3/20/2020,1498.65
3/23/2020,1553.23
3/24/2020,1632.32
3/25/2020,1616.9
3/26/2020,1631.34
3/27/2020,1628.16
3/30/2020,1622.51
3/31/2020,1577.18
4/1/2020,1591.51
4/2/2020,1613.99
4/3/2020,1620.81
4/6/2020,1660.97
4/7/2020,1647.72
4/8/2020,1646.14
4/9/2020,1683.73
4/10/2020,1696.65
4/13/2020,1715.34
4/14/2020,1726.97
4/15/2020,1717.03
4/16/2020,1717.7
4/17/2020,1682.82
4/20/2020,1695.65
4/21/2020,1686.2
4/22/2020,1714.08
4/23/2020,1730.51
4/24/2020,1729.6
4/27/2020,1713.99
4/28/2020,1707.79
4/29/2020,1713.41
4/30/2020,1686.5
5/1/2020,1700.42
5/4/2020,1702.07
5/5/2020,1705.92
5/6/2020,1685.71
5/7/2020,1716.06
5/8/2020,1702.7
5/11/2020,1697.93
5/12/2020,1702.7
5/13/2020,1716.28
5/14/2020,1730.3
5/15/2020,1743.67
5/18/2020,1732.55
5/19/2020,1745.05
5/20/2020,1748.18
5/21/2020,1727
5/22/2020,1734.68
5/25/2020,1731.95
5/26/2020,1710.58
5/27/2020,1709.47
5/28/2020,1718.33
5/29/2020,1730.27
6/1/2020,1739.55
6/2/2020,1727.7
6/3/2020,1699.67
6/4/2020,1714.01
6/5/2020,1685.06
6/8/2020,1698.53
6/9/2020,1715.33
6/10/2020,1738.7
6/11/2020,1727.7
6/12/2020,1730.75
6/15/2020,1725.16
6/16/2020,1726.53
6/17/2020,1726.95
6/18/2020,1722.93
6/19/2020,1743.87
6/22/2020,1754.43
6/23/2020,1768.41
6/24/2020,1761.17
6/25/2020,1763.79
6/26/2020,1771.29
6/29/2020,1772.82
6/30/2020,1780.96
7/1/2020,1770.09
7/2/2020,1775.38
7/3/2020,1775.95
7/6/2020,1784.68
7/7/2020,1794.86
7/8/2020,1808.89
7/9/2020,1803.55
7/10/2020,1798.7
7/13/2020,1802.76
7/14/2020,1809.36
7/15/2020,1810.29
7/16/2020,1797.16
7/17/2020,1810.42
7/20/2020,1817.77
7/21/2020,1841.91
7/22/2020,1871.41
7/23/2020,1887.44
7/24/2020,1902.02
7/27/2020,1942.24
7/28/2020,1958.43
7/29/2020,1970.79
7/30/2020,1956.64
7/31/2020,1975.86
8/3/2020,1976.98
8/4/2020,2019.21
8/5/2020,2038.12
8/6/2020,2063.54
8/7/2020,2035.55
8/10/2020,2027.34
8/11/2020,1911.89
8/12/2020,1915.83
8/13/2020,1953.71
8/14/2020,1945.12
8/17/2020,1985.3
8/18/2020,2002.44
8/19/2020,1928.98
8/20/2020,1947.26
8/21/2020,1940.48
8/24/2020,1928.88
8/25/2020,1928.18
8/26/2020,1954.46
8/27/2020,1929.54
8/28/2020,1964.83
8/31/2020,1967.8
9/1/2020,1970.18
9/2/2020,1942.92
9/3/2020,1930.91
9/4/2020,1933.94
9/7/2020,1933.64
9/8/2020,1932.03
9/9/2020,1946.84
9/10/2020,1946.09
9/11/2020,1940.55
9/14/2020,1956.86
9/15/2020,1954.15
9/16/2020,1959.26
9/17/2020,1944.44
9/18/2020,1950.86
9/21/2020,1912.51
9/22/2020,1900.21
9/23/2020,1863.34
9/24/2020,1868.07
9/25/2020,1861.58
9/28/2020,1881.48
9/29/2020,1898.07
9/30/2020,1885.82
10/1/2020,1906.01
10/2/2020,1899.84
10/5/2020,1913.53
10/6/2020,1878.18
10/7/2020,1887.42
10/8/2020,1893.82
10/9/2020,1930.4
10/12/2020,1922.77
10/13/2020,1891.36
10/14/2020,1901.52
10/15/2020,1908.71
10/16/2020,1899.29
10/19/2020,1904.08
10/20/2020,1906.95
10/21/2020,1924.33
10/22/2020,1904.11
10/23/2020,1902.05
10/26/2020,1902.08
10/27/2020,1907.99
10/28/2020,1877.19
10/29/2020,1867.59
10/30/2020,1878.81
11/2/2020,1895.48
11/3/2020,1909.17
11/4/2020,1902.92
11/5/2020,1949.66
11/6/2020,1951.35
11/9/2020,1863.04
11/10/2020,1877.32
11/11/2020,1865.73
11/12/2020,1876.83
11/13/2020,1889.2
11/16/2020,1888.95
11/17/2020,1880.38
11/18/2020,1872.24
11/19/2020,1866.54
11/20/2020,1870.99
11/23/2020,1837.86
11/24/2020,1807.59
11/25/2020,1807.56
11/26/2020,1815.8
11/27/2020,1787.79
11/30/2020,1776.95
12/1/2020,1815.24
12/2/2020,1831.28
12/3/2020,1841.08
12/4/2020,1838.86
12/7/2020,1862.73
12/8/2020,1870.56
12/9/2020,1839.55
12/10/2020,1836.57
12/11/2020,1839.85
12/14/2020,1827.35
12/15/2020,1853.64
12/16/2020,1864.8
12/17/2020,1885.42
12/18/2020,1881.35
12/21/2020,1876.89
12/22/2020,1860.84
12/23/2020,1872.89
12/24/2020,1883.46
12/28/2020,1873.69
12/29/2020,1878.18
12/30/2020,1894.39
12/31/2020,1898.36
1/1/2021,1898.67
1/4/2021,1942.9
1/5/2021,1950.01
1/6/2021,1918.61
1/7/2021,1913.95
1/8/2021,1849.01
1/11/2021,1843.89
1/12/2021,1854.77
1/13/2021,1845.51
1/14/2021,1846.53
1/15/2021,1828.45
1/18/2021,1841.26
1/19/2021,1840.28
1/20/2021,1871.84
1/21/2021,1870.02
1/22/2021,1855.61
1/25/2021,1855.93
1/26/2021,1850.92
1/27/2021,1843.98
1/28/2021,1843.17
1/29/2021,1847.65
2/1/2021,1860.78
2/2/2021,1838.03
2/3/2021,1834.04
2/4/2021,1794.03
2/5/2021,1814.11
2/8/2021,1830.81
2/9/2021,1838.32
2/10/2021,1842.89
2/11/2021,1825.51
2/12/2021,1824.23
2/15/2021,1818.86
2/16/2021,1794.47
2/17/2021,1776.13
2/18/2021,1775.67
2/19/2021,1784.25
2/22/2021,1809.67
2/23/2021,1805.73
2/24/2021,1805.06
2/25/2021,1770.56
2/26/2021,1734.04
3/1/2021,1725.04
3/2/2021,1738.36
3/3/2021,1711.23
3/4/2021,1697.52
3/5/2021,1700.64
3/8/2021,1683.54
3/9/2021,1716.1
3/10/2021,1726.71
3/11/2021,1722.6
3/12/2021,1727.11
3/15/2021,1731.67
3/16/2021,1731.4
3/17/2021,1745.33
3/18/2021,1736.42
3/19/2021,1745.23
3/22/2021,1739.03
3/23/2021,1727.07
3/24/2021,1734.69
3/25/2021,1726.93
3/26/2021,1732.52
3/29/2021,1712.2
3/30/2021,1685.2
3/31/2021,1707.71
4/1/2021,1729.31
4/2/2021,1728.87
4/5/2021,1728.27
4/6/2021,1743.27
4/7/2021,1737.72
4/8/2021,1755.84
4/9/2021,1743.88
4/12/2021,1732.76
4/13/2021,1745.51
4/14/2021,1736.43
4/15/2021,1763.95
4/16/2021,1776.51
4/19/2021,1771.43
4/20/2021,1778.75
4/21/2021,1793.79
4/22/2021,1783.94
4/23/2021,1777.2
4/26/2021,1781.38
4/27/2021,1776.6
4/28/2021,1781.68
4/29/2021,1772.18
4/30/2021,1769.13
5/3/2021,1792.88
5/4/2021,1779.06
5/5/2021,1786.87
5/6/2021,1815.22
5/7/2021,1831.24
5/10/2021,1836.07
5/11/2021,1837.47
5/12/2021,1815.69
5/13/2021,1826.72
5/14/2021,1843.43
5/17/2021,1866.9
5/18/2021,1869.44
5/19/2021,1869.62
5/20/2021,1877.21
5/21/2021,1881.25
5/24/2021,1881.02
5/25/2021,1899.25
5/26/2021,1896.67
5/27/2021,1896.54
5/28/2021,1903.77
5/31/2021,1906.87
6/1/2021,1900.44
6/2/2021,1908.38
6/3/2021,1870.76
6/4/2021,1891.59
6/7/2021,1899.21
6/8/2021,1892.89
6/9/2021,1888.57
6/10/2021,1898.51
6/11/2021,1877.53
6/14/2021,1866.18
6/15/2021,1859.02
6/16/2021,1811.47
6/17/2021,1773.5
6/18/2021,1764.16
6/21/2021,1783.27
6/22/2021,1778.74
6/23/2021,1778.68
6/24/2021,1775.17
6/25/2021,1781.44
6/28/2021,1778.48
6/29/2021,1761.24
6/30/2021,1770.11
7/1/2021,1776.84
7/2/2021,1787.3
7/5/2021,1791.77
7/6/2021,1797.08
7/7/2021,1803.63
7/8/2021,1802.83
7/9/2021,1808.32
7/12/2021,1806.28
7/13/2021,1807.76
7/14/2021,1827.53
7/15/2021,1829.47
7/16/2021,1812.05
7/19/2021,1812.64
7/20/2021,1810.36
7/21/2021,1803.66
7/22/2021,1806.92
7/23/2021,1802.15
7/26/2021,1797.63
7/27/2021,1799.09
7/28/2021,1807.11
7/29/2021,1828.17
7/30/2021,1814.19
8/2/2021,1813.47
8/3/2021,1810.44
8/4/2021,1811.74
8/5/2021,1804.41
8/6/2021,1763.03
8/9/2021,1729.94
8/10/2021,1728.93
8/11/2021,1751.7
8/12/2021,1752.9
8/13/2021,1779.74
8/16/2021,1787.45
8/17/2021,1786.19
8/18/2021,1787.82
8/19/2021,1780.38
8/20/2021,1781.11
8/23/2021,1805.43
8/24/2021,1802.9
8/25/2021,1791
8/26/2021,1792.43
8/27/2021,1817.57
8/30/2021,1810.34
8/31/2021,1813.62
9/1/2021,1813.9
9/2/2021,1809.66
9/3/2021,1827.73
9/6/2021,1823.29
9/7/2021,1794.36
9/8/2021,1789.26
9/9/2021,1794.58
9/10/2021,1787.58
9/13/2021,1793.75
9/14/2021,1804.51
9/15/2021,1794.06
9/16/2021,1753.77
9/17/2021,1754.34
9/20/2021,1764.16
9/21/2021,1774.51
9/22/2021,1768.16
9/23/2021,1742.76
9/24/2021,1750.42
9/27/2021,1750.16
9/28/2021,1734.01
9/29/2021,1726.37
9/30/2021,1756.95
10/1/2021,1760.98
10/4/2021,1769.57
10/5/2021,1760.18
10/6/2021,1762.74
10/7/2021,1755.78
10/8/2021,1757.13
10/11/2021,1754.15
10/12/2021,1760.18
10/13/2021,1792.97
10/14/2021,1795.87
10/15/2021,1767.62
10/18/2021,1764.86
10/19/2021,1769.29
10/20/2021,1782.08
10/21/2021,1782.9
10/22/2021,1792.65
10/25/2021,1807.73
10/26/2021,1792.91
10/27/2021,1796.81
10/28/2021,1798.91
10/29/2021,1783.38
11/1/2021,1793.28
11/2/2021,1787.76
11/3/2021,1769.84
11/4/2021,1792.04
11/5/2021,1818.36
11/8/2021,1824.18
11/9/2021,1831.92
11/10/2021,1849.6
11/11/2021,1862.11
11/12/2021,1864.9
11/15/2021,1862.84
11/16/2021,1850.63
11/17/2021,1867.48
11/18/2021,1858.94
11/19/2021,1845.73
11/22/2021,1804.65
11/23/2021,1789.16
11/24/2021,1788.61
11/25/2021,1788.85
11/26/2021,1802.59
